base,ano_de,ano_ate,posicao,header_arquivo,chave_normalizada,nome_canonico,tipo,separador,decimal,aspas,nulos,encoding
RAIS_DOMESTICO,2015,2017,1,muntrab,muntrab,mun_trab,VARCHAR,;,",",,-1|{ñ class}|{ñ clas|{ñ c|{ñclass},utf-8
RAIS_DOMESTICO,2015,2017,2,cdsexo,cdsexo,sexo,SMALLINT,;,",",,-1|{ñ class}|{ñ clas|{ñ c|{ñclass},utf-8
RAIS_DOMESTICO,2015,2017,3,cdracacor,cdracacor,raca_cor,SMALLINT,;,",",,-1|{ñ class}|{ñ clas|{ñ c|{ñclass},utf-8
RAIS_DOMESTICO,2015,2017,4,cdgrauinstr,cdgrauinstr,grau_instrucao,SMALLINT,;,",",,-1|{ñ class}|{ñ clas|{ñ c|{ñclass},utf-8
RAIS_DOMESTICO,2015,2017,5,cdmotivodeslig,cdmotivodeslig,motivo_desligamento,SMALLINT,;,",",,-1|{ñ class}|{ñ clas|{ñ c|{ñclass},utf-8
RAIS_DOMESTICO,2015,2017,6,qtdhrsem,qtdhrsem,qtd_hora_contr,SMALLINT,;,",",,-1|{ñ class}|{ñ clas|{ñ c|{ñclass},utf-8
RAIS_DOMESTICO,2015,2017,7,tpjornada,tpjornada,tipo_jornada,SMALLINT,;,",",,-1|{ñ class}|{ñ clas|{ñ c|{ñclass},utf-8
RAIS_DOMESTICO,2015,2017,8,cdcbo,cdcbo,cbo_2002,VARCHAR,;,",",,-1|{ñ class}|{ñ clas|{ñ c|{ñclass},utf-8
RAIS_DOMESTICO,2015,2017,9,sexoemp,sexoemp,sexo_empregador,SMALLINT,;,",",,-1|{ñ class}|{ñ clas|{ñ c|{ñclass},utf-8
RAIS_DOMESTICO,2015,2017,10,munemp,munemp,municipio,VARCHAR,;,",",,-1|{ñ class}|{ñ clas|{ñ c|{ñclass},utf-8
RAIS_DOMESTICO,2015,2017,11,DtAdm,dtadm,data_admissao,DATE,;,",",,-1|{ñ class}|{ñ clas|{ñ c|{ñclass},utf-8
RAIS_DOMESTICO,2015,2017,12,DtDes,dtdes,data_desligamento,DATE,;,",",,-1|{ñ class}|{ñ clas|{ñ c|{ñclass},utf-8
RAIS_DOMESTICO,2015,2017,13,indvinculoativo3112,indvinculoativo3112,vinculo_ativo_3112,BOOLEAN,;,",",,-1|{ñ class}|{ñ clas|{ñ c|{ñclass},utf-8
RAIS_DOMESTICO,2015,2017,14,ano,ano,ano_registro,SMALLINT,;,",",,-1|{ñ class}|{ñ clas|{ñ c|{ñclass},utf-8
RAIS_DOMESTICO,2015,2017,15,idadetrab,idadetrab,idade,SMALLINT,;,",",,-1|{ñ class}|{ñ clas|{ñ c|{ñclass},utf-8
RAIS_DOMESTICO,2015,2017,16,idadeemp,idadeemp,idade_empregador,SMALLINT,;,",",,-1|{ñ class}|{ñ clas|{ñ c|{ñclass},utf-8
RAIS_ESTAB,2010,2012,1,Bairros SP,bairros_sp,bairro_sp,VARCHAR,;,",",,-1|{ñ class}|{ñ clas|{ñ c|{ñclass},cp1252
RAIS_ESTAB,2010,2012,2,Bairros Fortaleza,bairros_fortaleza,bairro_fortaleza,VARCHAR,;,",",,-1|{ñ class}|{ñ clas|{ñ c|{ñclass},cp1252
RAIS_ESTAB,2010,2012,3,Bairros RJ,bairros_rj,bairro_rj,VARCHAR,;,",",,-1|{ñ class}|{ñ clas|{ñ c|{ñclass},cp1252
RAIS_ESTAB,2010,2012,4,CNAE 2.0 Classe,cnae_2_0_classe,cnae20_classe,VARCHAR,;,",",,-1|{ñ class}|{ñ clas|{ñ c|{ñclass},cp1252
RAIS_ESTAB,2010,2012,5,CNAE 95 Classe,cnae_95_classe,cnae95_classe,VARCHAR,;,",",,-1|{ñ class}|{ñ clas|{ñ c|{ñclass},cp1252
RAIS_ESTAB,2010,2012,6,Distritos SP,distritos_sp,distrito_sp,VARCHAR,;,",",,-1|{ñ class}|{ñ clas|{ñ c|{ñclass},cp1252
RAIS_ESTAB,2010,2012,7,Qtd Vínculos CLT,qtd_vinculos_clt,qtd_vinculos_clt,INTEGER,;,",",,-1|{ñ class}|{ñ clas|{ñ c|{ñclass},cp1252
RAIS_ESTAB,2010,2012,8,Qtd Vínculos Ativos,qtd_vinculos_ativos,qtd_vinculos_ativos,INTEGER,;,",",,-1|{ñ class}|{ñ clas|{ñ c|{ñclass},cp1252
RAIS_ESTAB,2010,2012,9,Qtd Vínculos Estatutários,qtd_vinculos_estatutarios,qtd_vinculos_estat,INTEGER,;,",",,-1|{ñ class}|{ñ clas|{ñ c|{ñclass},cp1252
RAIS_ESTAB,2010,2012,10,Ind Atividade Ano,ind_atividade_ano,ind_atividade_ano,SMALLINT,;,",",,-1|{ñ class}|{ñ clas|{ñ c|{ñclass},cp1252
RAIS_ESTAB,2010,2012,11,Ind CEI Vinculado,ind_cei_vinculado,ind_cei_vinculado,SMALLINT,;,",",,-1|{ñ class}|{ñ clas|{ñ c|{ñclass},cp1252
RAIS_ESTAB,2010,2012,12,Ind Estab Participa PAT,ind_estab_participa_pat,ind_pat,SMALLINT,;,",",,-1|{ñ class}|{ñ clas|{ñ c|{ñclass},cp1252
RAIS_ESTAB,2010,2012,13,Ind Rais Negativa,ind_rais_negativa,ind_rais_negativa,SMALLINT,;,",",,-1|{ñ class}|{ñ clas|{ñ c|{ñclass},cp1252
RAIS_ESTAB,2010,2012,14,Ind Simples,ind_simples,ind_simples,SMALLINT,;,",",,-1|{ñ class}|{ñ clas|{ñ c|{ñclass},cp1252
RAIS_ESTAB,2010,2012,15,Município,municipio,municipio,VARCHAR,;,",",,-1|{ñ class}|{ñ clas|{ñ c|{ñclass},cp1252
RAIS_ESTAB,2010,2012,16,Natureza Jurídica,natureza_juridica,natureza_juridica,VARCHAR,;,",",,-1|{ñ class}|{ñ clas|{ñ c|{ñclass},cp1252
RAIS_ESTAB,2010,2012,17,Regiões Adm DF,regioes_adm_df,regiao_adm_df,VARCHAR,;,",",,-1|{ñ class}|{ñ clas|{ñ c|{ñclass},cp1252
RAIS_ESTAB,2010,2012,18,CNAE 2.0 Subclasse,cnae_2_0_subclasse,cnae20_subclasse,VARCHAR,;,",",,-1|{ñ class}|{ñ clas|{ñ c|{ñclass},cp1252
RAIS_ESTAB,2010,2012,19,Tamanho Estabelecimento,tamanho_estabelecimento,tamanho_estab,SMALLINT,;,",",,-1|{ñ class}|{ñ clas|{ñ c|{ñclass},cp1252
RAIS_ESTAB,2010,2012,20,Tipo Estab,tipo_estab,tipo_estab,SMALLINT,;,",",,-1|{ñ class}|{ñ clas|{ñ c|{ñclass},cp1252
RAIS_ESTAB,2010,2012,21,Tipo Estab,tipo_estab,tipo_estab_nome,VARCHAR,;,",",,-1|{ñ class}|{ñ clas|{ñ c|{ñclass},cp1252
RAIS_ESTAB,2013,2013,1,Bairros SP,bairros_sp,bairro_sp,VARCHAR,;,",",,-1|{ñ class}|{ñ clas|{ñ c|{ñclass},cp1252
RAIS_ESTAB,2013,2013,2,Bairros Fortaleza,bairros_fortaleza,bairro_fortaleza,VARCHAR,;,",",,-1|{ñ class}|{ñ clas|{ñ c|{ñclass},cp1252
RAIS_ESTAB,2013,2013,3,Bairros RJ,bairros_rj,bairro_rj,VARCHAR,;,",",,-1|{ñ class}|{ñ clas|{ñ c|{ñclass},cp1252
RAIS_ESTAB,2013,2013,4,CNAE 2.0 Classe,cnae_2_0_classe,cnae20_classe,VARCHAR,;,",",,-1|{ñ class}|{ñ clas|{ñ c|{ñclass},cp1252
RAIS_ESTAB,2013,2013,5,CNAE 95 Classe,cnae_95_classe,cnae95_classe,VARCHAR,;,",",,-1|{ñ class}|{ñ clas|{ñ c|{ñclass},cp1252
RAIS_ESTAB,2013,2013,6,Distritos SP,distritos_sp,distrito_sp,VARCHAR,;,",",,-1|{ñ class}|{ñ clas|{ñ c|{ñclass},cp1252
RAIS_ESTAB,2013,2013,7,Qtd Vínculos CLT,qtd_vinculos_clt,qtd_vinculos_clt,INTEGER,;,",",,-1|{ñ class}|{ñ clas|{ñ c|{ñclass},cp1252
RAIS_ESTAB,2013,2013,8,Qtd Vínculos Ativos,qtd_vinculos_ativos,qtd_vinculos_ativos,INTEGER,;,",",,-1|{ñ class}|{ñ clas|{ñ c|{ñclass},cp1252
RAIS_ESTAB,2013,2013,9,Qtd Vínculos Estatutários,qtd_vinculos_estatutarios,qtd_vinculos_estat,INTEGER,;,",",,-1|{ñ class}|{ñ clas|{ñ c|{ñclass},cp1252
RAIS_ESTAB,2013,2013,10,Ind Atividade Ano,ind_atividade_ano,ind_atividade_ano,SMALLINT,;,",",,-1|{ñ class}|{ñ clas|{ñ c|{ñclass},cp1252
RAIS_ESTAB,2013,2013,11,Ind CEI Vinculado,ind_cei_vinculado,ind_cei_vinculado,SMALLINT,;,",",,-1|{ñ class}|{ñ clas|{ñ c|{ñclass},cp1252
RAIS_ESTAB,2013,2013,12,Ind Estab Participa PAT,ind_estab_participa_pat,ind_pat,SMALLINT,;,",",,-1|{ñ class}|{ñ clas|{ñ c|{ñclass},cp1252
RAIS_ESTAB,2013,2013,13,Ind Rais Negativa,ind_rais_negativa,ind_rais_negativa,SMALLINT,;,",",,-1|{ñ class}|{ñ clas|{ñ c|{ñclass},cp1252
RAIS_ESTAB,2013,2013,14,Ind Simples,ind_simples,ind_simples,SMALLINT,;,",",,-1|{ñ class}|{ñ clas|{ñ c|{ñclass},cp1252
RAIS_ESTAB,2013,2013,15,Município,municipio,municipio,VARCHAR,;,",",,-1|{ñ class}|{ñ clas|{ñ c|{ñclass},cp1252
RAIS_ESTAB,2013,2013,16,Natureza Jurídica,natureza_juridica,natureza_juridica,VARCHAR,;,",",,-1|{ñ class}|{ñ clas|{ñ c|{ñclass},cp1252
RAIS_ESTAB,2013,2013,17,Regiões Adm DF,regioes_adm_df,regiao_adm_df,VARCHAR,;,",",,-1|{ñ class}|{ñ clas|{ñ c|{ñclass},cp1252
RAIS_ESTAB,2013,2013,18,CNAE 2.0 Subclasse,cnae_2_0_subclasse,cnae20_subclasse,VARCHAR,;,",",,-1|{ñ class}|{ñ clas|{ñ c|{ñclass},cp1252
RAIS_ESTAB,2013,2013,19,Tamanho Estabelecimento,tamanho_estabelecimento,tamanho_estab,SMALLINT,;,",",,-1|{ñ class}|{ñ clas|{ñ c|{ñclass},cp1252
RAIS_ESTAB,2013,2013,20,Tipo Estab,tipo_estab,tipo_estab,SMALLINT,;,",",,-1|{ñ class}|{ñ clas|{ñ c|{ñclass},cp1252
RAIS_ESTAB,2013,2013,21,Tipo Estab,tipo_estab,tipo_estab_nome,VARCHAR,;,",",,-1|{ñ class}|{ñ clas|{ñ c|{ñclass},cp1252
RAIS_ESTAB,2013,2013,22,UF,uf,uf_cod,VARCHAR,;,",",,-1|{ñ class}|{ñ clas|{ñ c|{ñclass},cp1252
RAIS_ESTAB,2014,2022,1,Bairros SP,bairros_sp,bairro_sp,VARCHAR,;,",",,-1|{ñ class}|{ñ clas|{ñ c|{ñclass},cp1252
RAIS_ESTAB,2014,2022,2,Bairros Fortaleza,bairros_fortaleza,bairro_fortaleza,VARCHAR,;,",",,-1|{ñ class}|{ñ clas|{ñ c|{ñclass},cp1252
RAIS_ESTAB,2014,2022,3,Bairros RJ,bairros_rj,bairro_rj,VARCHAR,;,",",,-1|{ñ class}|{ñ clas|{ñ c|{ñclass},cp1252
RAIS_ESTAB,2014,2022,4,CNAE 2.0 Classe,cnae_2_0_classe,cnae20_classe,VARCHAR,;,",",,-1|{ñ class}|{ñ clas|{ñ c|{ñclass},cp1252
RAIS_ESTAB,2014,2022,5,CNAE 95 Classe,cnae_95_classe,cnae95_classe,VARCHAR,;,",",,-1|{ñ class}|{ñ clas|{ñ c|{ñclass},cp1252
RAIS_ESTAB,2014,2022,6,Distritos SP,distritos_sp,distrito_sp,VARCHAR,;,",",,-1|{ñ class}|{ñ clas|{ñ c|{ñclass},cp1252
RAIS_ESTAB,2014,2022,7,Qtd Vínculos CLT,qtd_vinculos_clt,qtd_vinculos_clt,INTEGER,;,",",,-1|{ñ class}|{ñ clas|{ñ c|{ñclass},cp1252
RAIS_ESTAB,2014,2022,8,Qtd Vínculos Ativos,qtd_vinculos_ativos,qtd_vinculos_ativos,INTEGER,;,",",,-1|{ñ class}|{ñ clas|{ñ c|{ñclass},cp1252
RAIS_ESTAB,2014,2022,9,Qtd Vínculos Estatutários,qtd_vinculos_estatutarios,qtd_vinculos_estat,INTEGER,;,",",,-1|{ñ class}|{ñ clas|{ñ c|{ñclass},cp1252
RAIS_ESTAB,2014,2022,10,Ind Atividade Ano,ind_atividade_ano,ind_atividade_ano,SMALLINT,;,",",,-1|{ñ class}|{ñ clas|{ñ c|{ñclass},cp1252
RAIS_ESTAB,2014,2022,11,Ind CEI Vinculado,ind_cei_vinculado,ind_cei_vinculado,SMALLINT,;,",",,-1|{ñ class}|{ñ clas|{ñ c|{ñclass},cp1252
RAIS_ESTAB,2014,2022,12,Ind Estab Participa PAT,ind_estab_participa_pat,ind_pat,SMALLINT,;,",",,-1|{ñ class}|{ñ clas|{ñ c|{ñclass},cp1252
RAIS_ESTAB,2014,2022,13,Ind Rais Negativa,ind_rais_negativa,ind_rais_negativa,SMALLINT,;,",",,-1|{ñ class}|{ñ clas|{ñ c|{ñclass},cp1252
RAIS_ESTAB,2014,2022,14,Ind Simples,ind_simples,ind_simples,SMALLINT,;,",",,-1|{ñ class}|{ñ clas|{ñ c|{ñclass},cp1252
RAIS_ESTAB,2014,2022,15,Município,municipio,municipio,VARCHAR,;,",",,-1|{ñ class}|{ñ clas|{ñ c|{ñclass},cp1252
RAIS_ESTAB,2014,2022,16,Natureza Jurídica,natureza_juridica,natureza_juridica,VARCHAR,;,",",,-1|{ñ class}|{ñ clas|{ñ c|{ñclass},cp1252
RAIS_ESTAB,2014,2022,17,Regiões Adm DF,regioes_adm_df,regiao_adm_df,VARCHAR,;,",",,-1|{ñ class}|{ñ clas|{ñ c|{ñclass},cp1252
RAIS_ESTAB,2014,2022,18,CNAE 2.0 Subclasse,cnae_2_0_subclasse,cnae20_subclasse,VARCHAR,;,",",,-1|{ñ class}|{ñ clas|{ñ c|{ñclass},cp1252
RAIS_ESTAB,2014,2022,19,Tamanho Estabelecimento,tamanho_estabelecimento,tamanho_estab,SMALLINT,;,",",,-1|{ñ class}|{ñ clas|{ñ c|{ñclass},cp1252
RAIS_ESTAB,2014,2022,20,Tipo Estab,tipo_estab,tipo_estab,SMALLINT,;,",",,-1|{ñ class}|{ñ clas|{ñ c|{ñclass},cp1252
RAIS_ESTAB,2014,2022,21,Tipo Estab,tipo_estab,tipo_estab_nome,VARCHAR,;,",",,-1|{ñ class}|{ñ clas|{ñ c|{ñclass},cp1252
RAIS_ESTAB,2014,2022,22,UF,uf,uf_cod,VARCHAR,;,",",,-1|{ñ class}|{ñ clas|{ñ c|{ñclass},cp1252
RAIS_ESTAB,2014,2022,23,IBGE Subsetor,ibge_subsetor,ibge_subsetor,SMALLINT,;,",",,-1|{ñ class}|{ñ clas|{ñ c|{ñclass},cp1252
RAIS_ESTAB,2014,2022,24,CEP Estab,cep_estab,cep_estab,VARCHAR,;,",",,-1|{ñ class}|{ñ clas|{ñ c|{ñclass},cp1252
RAIS_ESTAB,2023,2025,1,Bairros SP - Código,bairros_sp,bairro_sp,VARCHAR,",",.,"""",999997|999999|999|99|9997|9999,cp1252
RAIS_ESTAB,2023,2025,2,Bairros Fortaleza - Código,bairros_fortaleza,bairro_fortaleza,VARCHAR,",",.,"""",999997|999999|999|99|9997|9999,cp1252
RAIS_ESTAB,2023,2025,3,Bairros RJ - Código,bairros_rj,bairro_rj,VARCHAR,",",.,"""",999997|999999|999|99|9997|9999,cp1252
RAIS_ESTAB,2023,2025,4,CNAE 2.0 Classe - Código,cnae_2_0_classe,cnae20_classe,VARCHAR,",",.,"""",999997|999999|999|99|9997|9999,cp1252
RAIS_ESTAB,2023,2025,5,CNAE 95 Classe - Código,cnae_95_classe,cnae95_classe,VARCHAR,",",.,"""",999997|999999|999|99|9997|9999,cp1252
RAIS_ESTAB,2023,2025,6,Distritos SP - Código,distritos_sp,distrito_sp,VARCHAR,",",.,"""",999997|999999|999|99|9997|9999,cp1252
RAIS_ESTAB,2023,2025,7,Qtd Vínculos CLT,qtd_vinculos_clt,qtd_vinculos_clt,INTEGER,",",.,"""",999997|999999,cp1252
RAIS_ESTAB,2023,2025,8,Qtd Vínculos Ativos,qtd_vinculos_ativos,qtd_vinculos_ativos,INTEGER,",",.,"""",999997|999999,cp1252
RAIS_ESTAB,2023,2025,9,Qtd Vínculos Estatutários,qtd_vinculos_estatutarios,qtd_vinculos_estat,INTEGER,",",.,"""",999997|999999,cp1252
RAIS_ESTAB,2023,2025,10,Ind Atividade Ano - Código,ind_atividade_ano,ind_atividade_ano,SMALLINT,",",.,"""",999997|999999|999|99|9997|9999,cp1252
RAIS_ESTAB,2023,2025,11,Ind CEI Vinculado - Código,ind_cei_vinculado,ind_cei_vinculado,SMALLINT,",",.,"""",999997|999999|999|99|9997|9999,cp1252
RAIS_ESTAB,2023,2025,12,Ind Estab Participante PAT - Código,ind_estab_participante_pat,ind_pat,SMALLINT,",",.,"""",999997|999999|999|99|9997|9999,cp1252
RAIS_ESTAB,2023,2025,13,Ind RAIS Negativa - Código,ind_rais_negativa,ind_rais_negativa,SMALLINT,",",.,"""",999997|999999|999|99|9997|9999,cp1252
RAIS_ESTAB,2023,2025,14,Ind Estab Participante SIMPLES - Código,ind_estab_participante_simples,ind_simples,SMALLINT,",",.,"""",999997|999999|999|99|9997|9999,cp1252
RAIS_ESTAB,2023,2025,15,Município - Código,municipio,municipio,VARCHAR,",",.,"""",999997|999999|999|99|9997|9999,cp1252
RAIS_ESTAB,2023,2025,16,Natureza Jurídica - Código,natureza_juridica,natureza_juridica,VARCHAR,",",.,"""",999997|999999|999|99|9997|9999,cp1252
RAIS_ESTAB,2023,2025,17,Região Adm DF - Código,regiao_adm_df,regiao_adm_df,VARCHAR,",",.,"""",999997|999999|999|99|9997|9999,cp1252
RAIS_ESTAB,2023,2025,18,CNAE 2.0 Subclasse - Codigo,cnae_2_0_subclasse,cnae20_subclasse,VARCHAR,",",.,"""",999997|999999|999|99|9997|9999,cp1252
RAIS_ESTAB,2023,2025,19,Tamanho Estabelecimento - Código,tamanho_estabelecimento,tamanho_estab,SMALLINT,",",.,"""",999997|999999|999|99|9997|9999,cp1252
RAIS_ESTAB,2023,2025,20,Tipo Estabelecimento - Código,tipo_estabelecimento,tipo_estab,SMALLINT,",",.,"""",999997|999999|999|99|9997|9999,cp1252
RAIS_ESTAB,2023,2025,21,UF - Código,uf,uf_cod,VARCHAR,",",.,"""",999997|999999|999|99|9997|9999,cp1252
RAIS_ESTAB,2023,2025,22,IBGE Subsetor - Código,ibge_subsetor,ibge_subsetor,SMALLINT,",",.,"""",999997|999999|999|99|9997|9999,cp1252
RAIS_ESTAB,2023,2025,23,CEP Estab,cep_estab,cep_estab,VARCHAR,",",.,"""",999997|999999|999|99|9997|9999,cp1252
RAIS_VINCULOS,2010,2014,1,Bairros SP,bairros_sp,bairro_sp,VARCHAR,;,",",,-1|{ñ class}|{ñ clas|{ñ c|{ñclass},cp1252
RAIS_VINCULOS,2010,2014,2,Bairros Fortaleza,bairros_fortaleza,bairro_fortaleza,VARCHAR,;,",",,-1|{ñ class}|{ñ clas|{ñ c|{ñclass},cp1252
RAIS_VINCULOS,2010,2014,3,Bairros RJ,bairros_rj,bairro_rj,VARCHAR,;,",",,-1|{ñ class}|{ñ clas|{ñ c|{ñclass},cp1252
RAIS_VINCULOS,2010,2014,4,Causa Afastamento 1,causa_afastamento_1,causa_afastamento_1,SMALLINT,;,",",,-1|{ñ class}|{ñ clas|{ñ c|{ñclass},cp1252
RAIS_VINCULOS,2010,2014,5,Causa Afastamento 2,causa_afastamento_2,causa_afastamento_2,SMALLINT,;,",",,-1|{ñ class}|{ñ clas|{ñ c|{ñclass},cp1252
RAIS_VINCULOS,2010,2014,6,Causa Afastamento 3,causa_afastamento_3,causa_afastamento_3,SMALLINT,;,",",,-1|{ñ class}|{ñ clas|{ñ c|{ñclass},cp1252
RAIS_VINCULOS,2010,2014,7,Motivo Desligamento,motivo_desligamento,motivo_desligamento,SMALLINT,;,",",,-1|{ñ class}|{ñ clas|{ñ c|{ñclass},cp1252
RAIS_VINCULOS,2010,2014,8,CBO Ocupação 2002,cbo_ocupacao_2002,cbo_2002,VARCHAR,;,",",,-1|{ñ class}|{ñ clas|{ñ c|{ñclass},cp1252
RAIS_VINCULOS,2010,2014,9,CNAE 2.0 Classe,cnae_2_0_classe,cnae20_classe,VARCHAR,;,",",,-1|{ñ class}|{ñ clas|{ñ c|{ñclass},cp1252
RAIS_VINCULOS,2010,2014,10,CNAE 95 Classe,cnae_95_classe,cnae95_classe,VARCHAR,;,",",,-1|{ñ class}|{ñ clas|{ñ c|{ñclass},cp1252
RAIS_VINCULOS,2010,2014,11,Distritos SP,distritos_sp,distrito_sp,VARCHAR,;,",",,-1|{ñ class}|{ñ clas|{ñ c|{ñclass},cp1252
RAIS_VINCULOS,2010,2014,12,Vínculo Ativo 31/12,vinculo_ativo_31_12,vinculo_ativo_3112,BOOLEAN,;,",",,-1|{ñ class}|{ñ clas|{ñ c|{ñclass},cp1252
RAIS_VINCULOS,2010,2014,13,Faixa Etária,faixa_etaria,faixa_etaria,SMALLINT,;,",",,-1|{ñ class}|{ñ clas|{ñ c|{ñclass},cp1252
RAIS_VINCULOS,2010,2014,14,Faixa Hora Contrat,faixa_hora_contrat,faixa_hora_contrat,SMALLINT,;,",",,-1|{ñ class}|{ñ clas|{ñ c|{ñclass},cp1252
RAIS_VINCULOS,2010,2014,15,Faixa Remun Dezem (SM),faixa_remun_dezem_sm,faixa_remun_dez_sm,SMALLINT,;,",",,-1|{ñ class}|{ñ clas|{ñ c|{ñclass},cp1252
RAIS_VINCULOS,2010,2014,16,Faixa Remun Média (SM),faixa_remun_media_sm,faixa_remun_media_sm,SMALLINT,;,",",,-1|{ñ class}|{ñ clas|{ñ c|{ñclass},cp1252
RAIS_VINCULOS,2010,2014,17,Faixa Tempo Emprego,faixa_tempo_emprego,faixa_tempo_emprego,SMALLINT,;,",",,-1|{ñ class}|{ñ clas|{ñ c|{ñclass},cp1252
RAIS_VINCULOS,2010,2014,18,Escolaridade após 2005,escolaridade_apos_2005,grau_instrucao,SMALLINT,;,",",,-1|{ñ class}|{ñ clas|{ñ c|{ñclass},cp1252
RAIS_VINCULOS,2010,2014,19,Qtd Hora Contr,qtd_hora_contr,qtd_hora_contr,SMALLINT,;,",",,-1|{ñ class}|{ñ clas|{ñ c|{ñclass},cp1252
RAIS_VINCULOS,2010,2014,20,Idade,idade,idade,SMALLINT,;,",",,-1|{ñ class}|{ñ clas|{ñ c|{ñclass},cp1252
RAIS_VINCULOS,2010,2014,21,Ind CEI Vinculado,ind_cei_vinculado,ind_cei_vinculado,SMALLINT,;,",",,-1|{ñ class}|{ñ clas|{ñ c|{ñclass},cp1252
RAIS_VINCULOS,2010,2014,22,Ind Simples,ind_simples,ind_simples,SMALLINT,;,",",,-1|{ñ class}|{ñ clas|{ñ c|{ñclass},cp1252
RAIS_VINCULOS,2010,2014,23,Mês Admissão,mes_admissao,mes_admissao,SMALLINT,;,",",,-1|{ñ class}|{ñ clas|{ñ c|{ñclass},cp1252
RAIS_VINCULOS,2010,2014,24,Mês Desligamento,mes_desligamento,mes_desligamento,SMALLINT,;,",",,-1|{ñ class}|{ñ clas|{ñ c|{ñclass},cp1252
RAIS_VINCULOS,2010,2014,25,Mun Trab,mun_trab,mun_trab,VARCHAR,;,",",,-1|{ñ class}|{ñ clas|{ñ c|{ñclass},cp1252
RAIS_VINCULOS,2010,2014,26,Município,municipio,municipio,VARCHAR,;,",",,-1|{ñ class}|{ñ clas|{ñ c|{ñclass},cp1252
RAIS_VINCULOS,2010,2014,27,Nacionalidade,nacionalidade,nacionalidade,SMALLINT,;,",",,-1|{ñ class}|{ñ clas|{ñ c|{ñclass},cp1252
RAIS_VINCULOS,2010,2014,28,Natureza Jurídica,natureza_juridica,natureza_juridica,VARCHAR,;,",",,-1|{ñ class}|{ñ clas|{ñ c|{ñclass},cp1252
RAIS_VINCULOS,2010,2014,29,Ind Portador Defic,ind_portador_defic,ind_portador_defic,SMALLINT,;,",",,-1|{ñ class}|{ñ clas|{ñ c|{ñclass},cp1252
RAIS_VINCULOS,2010,2014,30,Qtd Dias Afastamento,qtd_dias_afastamento,qtd_dias_afastamento,SMALLINT,;,",",,-1|{ñ class}|{ñ clas|{ñ c|{ñclass},cp1252
RAIS_VINCULOS,2010,2014,31,Raça Cor,raca_cor,raca_cor,SMALLINT,;,",",,-1|{ñ class}|{ñ clas|{ñ c|{ñclass},cp1252
RAIS_VINCULOS,2010,2014,32,Regiões Adm DF,regioes_adm_df,regiao_adm_df,VARCHAR,;,",",,-1|{ñ class}|{ñ clas|{ñ c|{ñclass},cp1252
RAIS_VINCULOS,2010,2014,33,Vl Remun Dezembro Nom,vl_remun_dezembro_nom,remun_dez_nom,DOUBLE,;,",",,-1|{ñ class}|{ñ clas|{ñ c|{ñclass},cp1252
RAIS_VINCULOS,2010,2014,34,Vl Remun Dezembro (SM),vl_remun_dezembro_sm,remun_dez_sm,DOUBLE,;,",",,-1|{ñ class}|{ñ clas|{ñ c|{ñclass},cp1252
RAIS_VINCULOS,2010,2014,35,Vl Remun Média Nom,vl_remun_media_nom,remun_media_nom,DOUBLE,;,",",,-1|{ñ class}|{ñ clas|{ñ c|{ñclass},cp1252
RAIS_VINCULOS,2010,2014,36,Vl Remun Média (SM),vl_remun_media_sm,remun_media_sm,DOUBLE,;,",",,-1|{ñ class}|{ñ clas|{ñ c|{ñclass},cp1252
RAIS_VINCULOS,2010,2014,37,CNAE 2.0 Subclasse,cnae_2_0_subclasse,cnae20_subclasse,VARCHAR,;,",",,-1|{ñ class}|{ñ clas|{ñ c|{ñclass},cp1252
RAIS_VINCULOS,2010,2014,38,Sexo Trabalhador,sexo_trabalhador,sexo,SMALLINT,;,",",,-1|{ñ class}|{ñ clas|{ñ c|{ñclass},cp1252
RAIS_VINCULOS,2010,2014,39,Tamanho Estabelecimento,tamanho_estabelecimento,tamanho_estab,SMALLINT,;,",",,-1|{ñ class}|{ñ clas|{ñ c|{ñclass},cp1252
RAIS_VINCULOS,2010,2014,40,Tempo Emprego,tempo_emprego,tempo_emprego,DOUBLE,;,",",,-1|{ñ class}|{ñ clas|{ñ c|{ñclass},cp1252
RAIS_VINCULOS,2010,2014,41,Tipo Admissão,tipo_admissao,tipo_admissao,SMALLINT,;,",",,-1|{ñ class}|{ñ clas|{ñ c|{ñclass},cp1252
RAIS_VINCULOS,2010,2014,42,Tipo Estab,tipo_estab,tipo_estab,SMALLINT,;,",",,-1|{ñ class}|{ñ clas|{ñ c|{ñclass},cp1252
RAIS_VINCULOS,2010,2014,43,Tipo Estab,tipo_estab,tipo_estab_nome,VARCHAR,;,",",,-1|{ñ class}|{ñ clas|{ñ c|{ñclass},cp1252
RAIS_VINCULOS,2010,2014,44,Tipo Defic,tipo_defic,tipo_defic,SMALLINT,;,",",,-1|{ñ class}|{ñ clas|{ñ c|{ñclass},cp1252
RAIS_VINCULOS,2010,2014,45,Tipo Vínculo,tipo_vinculo,tipo_vinculo,SMALLINT,;,",",,-1|{ñ class}|{ñ clas|{ñ c|{ñclass},cp1252
RAIS_VINCULOS,2015,2015,1,Bairros SP,bairros_sp,bairro_sp,VARCHAR,;,",",,-1|{ñ class}|{ñ clas|{ñ c|{ñclass},cp1252
RAIS_VINCULOS,2015,2015,2,Bairros Fortaleza,bairros_fortaleza,bairro_fortaleza,VARCHAR,;,",",,-1|{ñ class}|{ñ clas|{ñ c|{ñclass},cp1252
RAIS_VINCULOS,2015,2015,3,Bairros RJ,bairros_rj,bairro_rj,VARCHAR,;,",",,-1|{ñ class}|{ñ clas|{ñ c|{ñclass},cp1252
RAIS_VINCULOS,2015,2015,4,Causa Afastamento 1,causa_afastamento_1,causa_afastamento_1,SMALLINT,;,",",,-1|{ñ class}|{ñ clas|{ñ c|{ñclass},cp1252
RAIS_VINCULOS,2015,2015,5,Causa Afastamento 2,causa_afastamento_2,causa_afastamento_2,SMALLINT,;,",",,-1|{ñ class}|{ñ clas|{ñ c|{ñclass},cp1252
RAIS_VINCULOS,2015,2015,6,Causa Afastamento 3,causa_afastamento_3,causa_afastamento_3,SMALLINT,;,",",,-1|{ñ class}|{ñ clas|{ñ c|{ñclass},cp1252
RAIS_VINCULOS,2015,2015,7,Motivo Desligamento,motivo_desligamento,motivo_desligamento,SMALLINT,;,",",,-1|{ñ class}|{ñ clas|{ñ c|{ñclass},cp1252
RAIS_VINCULOS,2015,2015,8,CBO Ocupação 2002,cbo_ocupacao_2002,cbo_2002,VARCHAR,;,",",,-1|{ñ class}|{ñ clas|{ñ c|{ñclass},cp1252
RAIS_VINCULOS,2015,2015,9,CNAE 2.0 Classe,cnae_2_0_classe,cnae20_classe,VARCHAR,;,",",,-1|{ñ class}|{ñ clas|{ñ c|{ñclass},cp1252
RAIS_VINCULOS,2015,2015,10,CNAE 95 Classe,cnae_95_classe,cnae95_classe,VARCHAR,;,",",,-1|{ñ class}|{ñ clas|{ñ c|{ñclass},cp1252
RAIS_VINCULOS,2015,2015,11,Distritos SP,distritos_sp,distrito_sp,VARCHAR,;,",",,-1|{ñ class}|{ñ clas|{ñ c|{ñclass},cp1252
RAIS_VINCULOS,2015,2015,12,Vínculo Ativo 31/12,vinculo_ativo_31_12,vinculo_ativo_3112,BOOLEAN,;,",",,-1|{ñ class}|{ñ clas|{ñ c|{ñclass},cp1252
RAIS_VINCULOS,2015,2015,13,Faixa Etária,faixa_etaria,faixa_etaria,SMALLINT,;,",",,-1|{ñ class}|{ñ clas|{ñ c|{ñclass},cp1252
RAIS_VINCULOS,2015,2015,14,Faixa Hora Contrat,faixa_hora_contrat,faixa_hora_contrat,SMALLINT,;,",",,-1|{ñ class}|{ñ clas|{ñ c|{ñclass},cp1252
RAIS_VINCULOS,2015,2015,15,Faixa Remun Dezem (SM),faixa_remun_dezem_sm,faixa_remun_dez_sm,SMALLINT,;,",",,-1|{ñ class}|{ñ clas|{ñ c|{ñclass},cp1252
RAIS_VINCULOS,2015,2015,16,Faixa Remun Média (SM),faixa_remun_media_sm,faixa_remun_media_sm,SMALLINT,;,",",,-1|{ñ class}|{ñ clas|{ñ c|{ñclass},cp1252
RAIS_VINCULOS,2015,2015,17,Faixa Tempo Emprego,faixa_tempo_emprego,faixa_tempo_emprego,SMALLINT,;,",",,-1|{ñ class}|{ñ clas|{ñ c|{ñclass},cp1252
RAIS_VINCULOS,2015,2015,18,Escolaridade após 2005,escolaridade_apos_2005,grau_instrucao,SMALLINT,;,",",,-1|{ñ class}|{ñ clas|{ñ c|{ñclass},cp1252
RAIS_VINCULOS,2015,2015,19,Qtd Hora Contr,qtd_hora_contr,qtd_hora_contr,SMALLINT,;,",",,-1|{ñ class}|{ñ clas|{ñ c|{ñclass},cp1252
RAIS_VINCULOS,2015,2015,20,Idade,idade,idade,SMALLINT,;,",",,-1|{ñ class}|{ñ clas|{ñ c|{ñclass},cp1252
RAIS_VINCULOS,2015,2015,21,Ind CEI Vinculado,ind_cei_vinculado,ind_cei_vinculado,SMALLINT,;,",",,-1|{ñ class}|{ñ clas|{ñ c|{ñclass},cp1252
RAIS_VINCULOS,2015,2015,22,Ind Simples,ind_simples,ind_simples,SMALLINT,;,",",,-1|{ñ class}|{ñ clas|{ñ c|{ñclass},cp1252
RAIS_VINCULOS,2015,2015,23,Mês Admissão,mes_admissao,mes_admissao,SMALLINT,;,",",,-1|{ñ class}|{ñ clas|{ñ c|{ñclass},cp1252
RAIS_VINCULOS,2015,2015,24,Mês Desligamento,mes_desligamento,mes_desligamento,SMALLINT,;,",",,-1|{ñ class}|{ñ clas|{ñ c|{ñclass},cp1252
RAIS_VINCULOS,2015,2015,25,Mun Trab,mun_trab,mun_trab,VARCHAR,;,",",,-1|{ñ class}|{ñ clas|{ñ c|{ñclass},cp1252
RAIS_VINCULOS,2015,2015,26,Município,municipio,municipio,VARCHAR,;,",",,-1|{ñ class}|{ñ clas|{ñ c|{ñclass},cp1252
RAIS_VINCULOS,2015,2015,27,Nacionalidade,nacionalidade,nacionalidade,SMALLINT,;,",",,-1|{ñ class}|{ñ clas|{ñ c|{ñclass},cp1252
RAIS_VINCULOS,2015,2015,28,Natureza Jurídica,natureza_juridica,natureza_juridica,VARCHAR,;,",",,-1|{ñ class}|{ñ clas|{ñ c|{ñclass},cp1252
RAIS_VINCULOS,2015,2015,29,Ind Portador Defic,ind_portador_defic,ind_portador_defic,SMALLINT,;,",",,-1|{ñ class}|{ñ clas|{ñ c|{ñclass},cp1252
RAIS_VINCULOS,2015,2015,30,Qtd Dias Afastamento,qtd_dias_afastamento,qtd_dias_afastamento,SMALLINT,;,",",,-1|{ñ class}|{ñ clas|{ñ c|{ñclass},cp1252
RAIS_VINCULOS,2015,2015,31,Raça Cor,raca_cor,raca_cor,SMALLINT,;,",",,-1|{ñ class}|{ñ clas|{ñ c|{ñclass},cp1252
RAIS_VINCULOS,2015,2015,32,Regiões Adm DF,regioes_adm_df,regiao_adm_df,VARCHAR,;,",",,-1|{ñ class}|{ñ clas|{ñ c|{ñclass},cp1252
RAIS_VINCULOS,2015,2015,33,Vl Remun Dezembro Nom,vl_remun_dezembro_nom,remun_dez_nom,DOUBLE,;,",",,-1|{ñ class}|{ñ clas|{ñ c|{ñclass},cp1252
RAIS_VINCULOS,2015,2015,34,Vl Remun Dezembro (SM),vl_remun_dezembro_sm,remun_dez_sm,DOUBLE,;,",",,-1|{ñ class}|{ñ clas|{ñ c|{ñclass},cp1252
RAIS_VINCULOS,2015,2015,35,Vl Remun Média Nom,vl_remun_media_nom,remun_media_nom,DOUBLE,;,",",,-1|{ñ class}|{ñ clas|{ñ c|{ñclass},cp1252
RAIS_VINCULOS,2015,2015,36,Vl Remun Média (SM),vl_remun_media_sm,remun_media_sm,DOUBLE,;,",",,-1|{ñ class}|{ñ clas|{ñ c|{ñclass},cp1252
RAIS_VINCULOS,2015,2015,37,CNAE 2.0 Subclasse,cnae_2_0_subclasse,cnae20_subclasse,VARCHAR,;,",",,-1|{ñ class}|{ñ clas|{ñ c|{ñclass},cp1252
RAIS_VINCULOS,2015,2015,38,Sexo Trabalhador,sexo_trabalhador,sexo,SMALLINT,;,",",,-1|{ñ class}|{ñ clas|{ñ c|{ñclass},cp1252
RAIS_VINCULOS,2015,2015,39,Tamanho Estabelecimento,tamanho_estabelecimento,tamanho_estab,SMALLINT,;,",",,-1|{ñ class}|{ñ clas|{ñ c|{ñclass},cp1252
RAIS_VINCULOS,2015,2015,40,Tempo Emprego,tempo_emprego,tempo_emprego,DOUBLE,;,",",,-1|{ñ class}|{ñ clas|{ñ c|{ñclass},cp1252
RAIS_VINCULOS,2015,2015,41,Tipo Admissão,tipo_admissao,tipo_admissao,SMALLINT,;,",",,-1|{ñ class}|{ñ clas|{ñ c|{ñclass},cp1252
RAIS_VINCULOS,2015,2015,42,Tipo Estab,tipo_estab,tipo_estab,SMALLINT,;,",",,-1|{ñ class}|{ñ clas|{ñ c|{ñclass},cp1252
RAIS_VINCULOS,2015,2015,43,Tipo Estab,tipo_estab,tipo_estab_nome,VARCHAR,;,",",,-1|{ñ class}|{ñ clas|{ñ c|{ñclass},cp1252
RAIS_VINCULOS,2015,2015,44,Tipo Defic,tipo_defic,tipo_defic,SMALLINT,;,",",,-1|{ñ class}|{ñ clas|{ñ c|{ñclass},cp1252
RAIS_VINCULOS,2015,2015,45,Tipo Vínculo,tipo_vinculo,tipo_vinculo,SMALLINT,;,",",,-1|{ñ class}|{ñ clas|{ñ c|{ñclass},cp1252
RAIS_VINCULOS,2015,2015,46,IBGE Subsetor,ibge_subsetor,ibge_subsetor,SMALLINT,;,",",,-1|{ñ class}|{ñ clas|{ñ c|{ñclass},cp1252
RAIS_VINCULOS,2015,2015,47,Vl Rem Janeiro CC,vl_rem_janeiro_cc,remun_janeiro_nom,DOUBLE,;,",",,-1|{ñ class}|{ñ clas|{ñ c|{ñclass},cp1252
RAIS_VINCULOS,2015,2015,48,Vl Rem Fevereiro CC,vl_rem_fevereiro_cc,remun_fevereiro_nom,DOUBLE,;,",",,-1|{ñ class}|{ñ clas|{ñ c|{ñclass},cp1252
RAIS_VINCULOS,2015,2015,49,Vl Rem Março CC,vl_rem_marco_cc,remun_marco_nom,DOUBLE,;,",",,-1|{ñ class}|{ñ clas|{ñ c|{ñclass},cp1252
RAIS_VINCULOS,2015,2015,50,Vl Rem Abril CC,vl_rem_abril_cc,remun_abril_nom,DOUBLE,;,",",,-1|{ñ class}|{ñ clas|{ñ c|{ñclass},cp1252
RAIS_VINCULOS,2015,2015,51,Vl Rem Maio CC,vl_rem_maio_cc,remun_maio_nom,DOUBLE,;,",",,-1|{ñ class}|{ñ clas|{ñ c|{ñclass},cp1252
RAIS_VINCULOS,2015,2015,52,Vl Rem Junho CC,vl_rem_junho_cc,remun_junho_nom,DOUBLE,;,",",,-1|{ñ class}|{ñ clas|{ñ c|{ñclass},cp1252
RAIS_VINCULOS,2015,2015,53,Vl Rem Julho CC,vl_rem_julho_cc,remun_julho_nom,DOUBLE,;,",",,-1|{ñ class}|{ñ clas|{ñ c|{ñclass},cp1252
RAIS_VINCULOS,2015,2015,54,Vl Rem Agosto CC,vl_rem_agosto_cc,remun_agosto_nom,DOUBLE,;,",",,-1|{ñ class}|{ñ clas|{ñ c|{ñclass},cp1252
RAIS_VINCULOS,2015,2015,55,Vl Rem Setembro CC,vl_rem_setembro_cc,remun_setembro_nom,DOUBLE,;,",",,-1|{ñ class}|{ñ clas|{ñ c|{ñclass},cp1252
RAIS_VINCULOS,2015,2015,56,Vl Rem Outubro CC,vl_rem_outubro_cc,remun_outubro_nom,DOUBLE,;,",",,-1|{ñ class}|{ñ clas|{ñ c|{ñclass},cp1252
RAIS_VINCULOS,2015,2015,57,Vl Rem Novembro CC,vl_rem_novembro_cc,remun_novembro_nom,DOUBLE,;,",",,-1|{ñ class}|{ñ clas|{ñ c|{ñclass},cp1252
RAIS_VINCULOS,2016,2016,1,Bairros SP,bairros_sp,bairro_sp,VARCHAR,;,",",,-1|{ñ class}|{ñ clas|{ñ c|{ñclass},cp1252
RAIS_VINCULOS,2016,2016,2,Bairros Fortaleza,bairros_fortaleza,bairro_fortaleza,VARCHAR,;,",",,-1|{ñ class}|{ñ clas|{ñ c|{ñclass},cp1252
RAIS_VINCULOS,2016,2016,3,Bairros RJ,bairros_rj,bairro_rj,VARCHAR,;,",",,-1|{ñ class}|{ñ clas|{ñ c|{ñclass},cp1252
RAIS_VINCULOS,2016,2016,4,Causa Afastamento 1,causa_afastamento_1,causa_afastamento_1,SMALLINT,;,",",,-1|{ñ class}|{ñ clas|{ñ c|{ñclass},cp1252
RAIS_VINCULOS,2016,2016,5,Causa Afastamento 2,causa_afastamento_2,causa_afastamento_2,SMALLINT,;,",",,-1|{ñ class}|{ñ clas|{ñ c|{ñclass},cp1252
RAIS_VINCULOS,2016,2016,6,Causa Afastamento 3,causa_afastamento_3,causa_afastamento_3,SMALLINT,;,",",,-1|{ñ class}|{ñ clas|{ñ c|{ñclass},cp1252
RAIS_VINCULOS,2016,2016,7,Motivo Desligamento,motivo_desligamento,motivo_desligamento,SMALLINT,;,",",,-1|{ñ class}|{ñ clas|{ñ c|{ñclass},cp1252
RAIS_VINCULOS,2016,2016,8,CBO Ocupação 2002,cbo_ocupacao_2002,cbo_2002,VARCHAR,;,",",,-1|{ñ class}|{ñ clas|{ñ c|{ñclass},cp1252
RAIS_VINCULOS,2016,2016,9,CNAE 2.0 Classe,cnae_2_0_classe,cnae20_classe,VARCHAR,;,",",,-1|{ñ class}|{ñ clas|{ñ c|{ñclass},cp1252
RAIS_VINCULOS,2016,2016,10,CNAE 95 Classe,cnae_95_classe,cnae95_classe,VARCHAR,;,",",,-1|{ñ class}|{ñ clas|{ñ c|{ñclass},cp1252
RAIS_VINCULOS,2016,2016,11,Distritos SP,distritos_sp,distrito_sp,VARCHAR,;,",",,-1|{ñ class}|{ñ clas|{ñ c|{ñclass},cp1252
RAIS_VINCULOS,2016,2016,12,Vínculo Ativo 31/12,vinculo_ativo_31_12,vinculo_ativo_3112,BOOLEAN,;,",",,-1|{ñ class}|{ñ clas|{ñ c|{ñclass},cp1252
RAIS_VINCULOS,2016,2016,13,Faixa Etária,faixa_etaria,faixa_etaria,SMALLINT,;,",",,-1|{ñ class}|{ñ clas|{ñ c|{ñclass},cp1252
RAIS_VINCULOS,2016,2016,14,Faixa Hora Contrat,faixa_hora_contrat,faixa_hora_contrat,SMALLINT,;,",",,-1|{ñ class}|{ñ clas|{ñ c|{ñclass},cp1252
RAIS_VINCULOS,2016,2016,15,Faixa Remun Dezem (SM),faixa_remun_dezem_sm,faixa_remun_dez_sm,SMALLINT,;,",",,-1|{ñ class}|{ñ clas|{ñ c|{ñclass},cp1252
RAIS_VINCULOS,2016,2016,16,Faixa Remun Média (SM),faixa_remun_media_sm,faixa_remun_media_sm,SMALLINT,;,",",,-1|{ñ class}|{ñ clas|{ñ c|{ñclass},cp1252
RAIS_VINCULOS,2016,2016,17,Faixa Tempo Emprego,faixa_tempo_emprego,faixa_tempo_emprego,SMALLINT,;,",",,-1|{ñ class}|{ñ clas|{ñ c|{ñclass},cp1252
RAIS_VINCULOS,2016,2016,18,Escolaridade após 2005,escolaridade_apos_2005,grau_instrucao,SMALLINT,;,",",,-1|{ñ class}|{ñ clas|{ñ c|{ñclass},cp1252
RAIS_VINCULOS,2016,2016,19,Qtd Hora Contr,qtd_hora_contr,qtd_hora_contr,SMALLINT,;,",",,-1|{ñ class}|{ñ clas|{ñ c|{ñclass},cp1252
RAIS_VINCULOS,2016,2016,20,Idade,idade,idade,SMALLINT,;,",",,-1|{ñ class}|{ñ clas|{ñ c|{ñclass},cp1252
RAIS_VINCULOS,2016,2016,21,Ind CEI Vinculado,ind_cei_vinculado,ind_cei_vinculado,SMALLINT,;,",",,-1|{ñ class}|{ñ clas|{ñ c|{ñclass},cp1252
RAIS_VINCULOS,2016,2016,22,Ind Simples,ind_simples,ind_simples,SMALLINT,;,",",,-1|{ñ class}|{ñ clas|{ñ c|{ñclass},cp1252
RAIS_VINCULOS,2016,2016,23,Mês Admissão,mes_admissao,mes_admissao,SMALLINT,;,",",,-1|{ñ class}|{ñ clas|{ñ c|{ñclass},cp1252
RAIS_VINCULOS,2016,2016,24,Mês Desligamento,mes_desligamento,mes_desligamento,SMALLINT,;,",",,-1|{ñ class}|{ñ clas|{ñ c|{ñclass},cp1252
RAIS_VINCULOS,2016,2016,25,Mun Trab,mun_trab,mun_trab,VARCHAR,;,",",,-1|{ñ class}|{ñ clas|{ñ c|{ñclass},cp1252
RAIS_VINCULOS,2016,2016,26,Município,municipio,municipio,VARCHAR,;,",",,-1|{ñ class}|{ñ clas|{ñ c|{ñclass},cp1252
RAIS_VINCULOS,2016,2016,27,Nacionalidade,nacionalidade,nacionalidade,SMALLINT,;,",",,-1|{ñ class}|{ñ clas|{ñ c|{ñclass},cp1252
RAIS_VINCULOS,2016,2016,28,Natureza Jurídica,natureza_juridica,natureza_juridica,VARCHAR,;,",",,-1|{ñ class}|{ñ clas|{ñ c|{ñclass},cp1252
RAIS_VINCULOS,2016,2016,29,Ind Portador Defic,ind_portador_defic,ind_portador_defic,SMALLINT,;,",",,-1|{ñ class}|{ñ clas|{ñ c|{ñclass},cp1252
RAIS_VINCULOS,2016,2016,30,Qtd Dias Afastamento,qtd_dias_afastamento,qtd_dias_afastamento,SMALLINT,;,",",,-1|{ñ class}|{ñ clas|{ñ c|{ñclass},cp1252
RAIS_VINCULOS,2016,2016,31,Raça Cor,raca_cor,raca_cor,SMALLINT,;,",",,-1|{ñ class}|{ñ clas|{ñ c|{ñclass},cp1252
RAIS_VINCULOS,2016,2016,32,Regiões Adm DF,regioes_adm_df,regiao_adm_df,VARCHAR,;,",",,-1|{ñ class}|{ñ clas|{ñ c|{ñclass},cp1252
RAIS_VINCULOS,2016,2016,33,Vl Remun Dezembro Nom,vl_remun_dezembro_nom,remun_dez_nom,DOUBLE,;,",",,-1|{ñ class}|{ñ clas|{ñ c|{ñclass},cp1252
RAIS_VINCULOS,2016,2016,34,Vl Remun Dezembro (SM),vl_remun_dezembro_sm,remun_dez_sm,DOUBLE,;,",",,-1|{ñ class}|{ñ clas|{ñ c|{ñclass},cp1252
RAIS_VINCULOS,2016,2016,35,Vl Remun Média Nom,vl_remun_media_nom,remun_media_nom,DOUBLE,;,",",,-1|{ñ class}|{ñ clas|{ñ c|{ñclass},cp1252
RAIS_VINCULOS,2016,2016,36,Vl Remun Média (SM),vl_remun_media_sm,remun_media_sm,DOUBLE,;,",",,-1|{ñ class}|{ñ clas|{ñ c|{ñclass},cp1252
RAIS_VINCULOS,2016,2016,37,CNAE 2.0 Subclasse,cnae_2_0_subclasse,cnae20_subclasse,VARCHAR,;,",",,-1|{ñ class}|{ñ clas|{ñ c|{ñclass},cp1252
RAIS_VINCULOS,2016,2016,38,Sexo Trabalhador,sexo_trabalhador,sexo,SMALLINT,;,",",,-1|{ñ class}|{ñ clas|{ñ c|{ñclass},cp1252
RAIS_VINCULOS,2016,2016,39,Tamanho Estabelecimento,tamanho_estabelecimento,tamanho_estab,SMALLINT,;,",",,-1|{ñ class}|{ñ clas|{ñ c|{ñclass},cp1252
RAIS_VINCULOS,2016,2016,40,Tempo Emprego,tempo_emprego,tempo_emprego,DOUBLE,;,",",,-1|{ñ class}|{ñ clas|{ñ c|{ñclass},cp1252
RAIS_VINCULOS,2016,2016,41,Tipo Admissão,tipo_admissao,tipo_admissao,SMALLINT,;,",",,-1|{ñ class}|{ñ clas|{ñ c|{ñclass},cp1252
RAIS_VINCULOS,2016,2016,42,Tipo Estab,tipo_estab,tipo_estab,SMALLINT,;,",",,-1|{ñ class}|{ñ clas|{ñ c|{ñclass},cp1252
RAIS_VINCULOS,2016,2016,43,Tipo Estab,tipo_estab,tipo_estab_nome,VARCHAR,;,",",,-1|{ñ class}|{ñ clas|{ñ c|{ñclass},cp1252
RAIS_VINCULOS,2016,2016,44,Tipo Defic,tipo_defic,tipo_defic,SMALLINT,;,",",,-1|{ñ class}|{ñ clas|{ñ c|{ñclass},cp1252
RAIS_VINCULOS,2016,2016,45,Tipo Vínculo,tipo_vinculo,tipo_vinculo,SMALLINT,;,",",,-1|{ñ class}|{ñ clas|{ñ c|{ñclass},cp1252
RAIS_VINCULOS,2016,2016,46,IBGE Subsetor,ibge_subsetor,ibge_subsetor,SMALLINT,;,",",,-1|{ñ class}|{ñ clas|{ñ c|{ñclass},cp1252
RAIS_VINCULOS,2016,2016,47,Vl Rem Janeiro CC,vl_rem_janeiro_cc,remun_janeiro_nom,DOUBLE,;,",",,-1|{ñ class}|{ñ clas|{ñ c|{ñclass},cp1252
RAIS_VINCULOS,2016,2016,48,Vl Rem Fevereiro CC,vl_rem_fevereiro_cc,remun_fevereiro_nom,DOUBLE,;,",",,-1|{ñ class}|{ñ clas|{ñ c|{ñclass},cp1252
RAIS_VINCULOS,2016,2016,49,Vl Rem Março CC,vl_rem_marco_cc,remun_marco_nom,DOUBLE,;,",",,-1|{ñ class}|{ñ clas|{ñ c|{ñclass},cp1252
RAIS_VINCULOS,2016,2016,50,Vl Rem Abril CC,vl_rem_abril_cc,remun_abril_nom,DOUBLE,;,",",,-1|{ñ class}|{ñ clas|{ñ c|{ñclass},cp1252
RAIS_VINCULOS,2016,2016,51,Vl Rem Maio CC,vl_rem_maio_cc,remun_maio_nom,DOUBLE,;,",",,-1|{ñ class}|{ñ clas|{ñ c|{ñclass},cp1252
RAIS_VINCULOS,2016,2016,52,Vl Rem Junho CC,vl_rem_junho_cc,remun_junho_nom,DOUBLE,;,",",,-1|{ñ class}|{ñ clas|{ñ c|{ñclass},cp1252
RAIS_VINCULOS,2016,2016,53,Vl Rem Julho CC,vl_rem_julho_cc,remun_julho_nom,DOUBLE,;,",",,-1|{ñ class}|{ñ clas|{ñ c|{ñclass},cp1252
RAIS_VINCULOS,2016,2016,54,Vl Rem Agosto CC,vl_rem_agosto_cc,remun_agosto_nom,DOUBLE,;,",",,-1|{ñ class}|{ñ clas|{ñ c|{ñclass},cp1252
RAIS_VINCULOS,2016,2016,55,Vl Rem Setembro CC,vl_rem_setembro_cc,remun_setembro_nom,DOUBLE,;,",",,-1|{ñ class}|{ñ clas|{ñ c|{ñclass},cp1252
RAIS_VINCULOS,2016,2016,56,Vl Rem Outubro CC,vl_rem_outubro_cc,remun_outubro_nom,DOUBLE,;,",",,-1|{ñ class}|{ñ clas|{ñ c|{ñclass},cp1252
RAIS_VINCULOS,2016,2016,57,Vl Rem Novembro CC,vl_rem_novembro_cc,remun_novembro_nom,DOUBLE,;,",",,-1|{ñ class}|{ñ clas|{ñ c|{ñclass},cp1252
RAIS_VINCULOS,2016,2016,58,Ano Chegada Brasil,ano_chegada_brasil,ano_chegada_brasil,SMALLINT,;,",",,-1|{ñ class}|{ñ clas|{ñ c|{ñclass},cp1252
RAIS_VINCULOS,2017,2017,1,Bairros SP,bairros_sp,bairro_sp,VARCHAR,;,",",,-1|{ñ class}|{ñ clas|{ñ c|{ñclass},cp1252
RAIS_VINCULOS,2017,2017,2,Bairros Fortaleza,bairros_fortaleza,bairro_fortaleza,VARCHAR,;,",",,-1|{ñ class}|{ñ clas|{ñ c|{ñclass},cp1252
RAIS_VINCULOS,2017,2017,3,Bairros RJ,bairros_rj,bairro_rj,VARCHAR,;,",",,-1|{ñ class}|{ñ clas|{ñ c|{ñclass},cp1252
RAIS_VINCULOS,2017,2017,4,Causa Afastamento 1,causa_afastamento_1,causa_afastamento_1,SMALLINT,;,",",,-1|{ñ class}|{ñ clas|{ñ c|{ñclass},cp1252
RAIS_VINCULOS,2017,2017,5,Causa Afastamento 2,causa_afastamento_2,causa_afastamento_2,SMALLINT,;,",",,-1|{ñ class}|{ñ clas|{ñ c|{ñclass},cp1252
RAIS_VINCULOS,2017,2017,6,Causa Afastamento 3,causa_afastamento_3,causa_afastamento_3,SMALLINT,;,",",,-1|{ñ class}|{ñ clas|{ñ c|{ñclass},cp1252
RAIS_VINCULOS,2017,2017,7,Motivo Desligamento,motivo_desligamento,motivo_desligamento,SMALLINT,;,",",,-1|{ñ class}|{ñ clas|{ñ c|{ñclass},cp1252
RAIS_VINCULOS,2017,2017,8,CBO Ocupação 2002,cbo_ocupacao_2002,cbo_2002,VARCHAR,;,",",,-1|{ñ class}|{ñ clas|{ñ c|{ñclass},cp1252
RAIS_VINCULOS,2017,2017,9,CNAE 2.0 Classe,cnae_2_0_classe,cnae20_classe,VARCHAR,;,",",,-1|{ñ class}|{ñ clas|{ñ c|{ñclass},cp1252
RAIS_VINCULOS,2017,2017,10,CNAE 95 Classe,cnae_95_classe,cnae95_classe,VARCHAR,;,",",,-1|{ñ class}|{ñ clas|{ñ c|{ñclass},cp1252
RAIS_VINCULOS,2017,2017,11,Distritos SP,distritos_sp,distrito_sp,VARCHAR,;,",",,-1|{ñ class}|{ñ clas|{ñ c|{ñclass},cp1252
RAIS_VINCULOS,2017,2017,12,Vínculo Ativo 31/12,vinculo_ativo_31_12,vinculo_ativo_3112,BOOLEAN,;,",",,-1|{ñ class}|{ñ clas|{ñ c|{ñclass},cp1252
RAIS_VINCULOS,2017,2017,13,Faixa Etária,faixa_etaria,faixa_etaria,SMALLINT,;,",",,-1|{ñ class}|{ñ clas|{ñ c|{ñclass},cp1252
RAIS_VINCULOS,2017,2017,14,Faixa Hora Contrat,faixa_hora_contrat,faixa_hora_contrat,SMALLINT,;,",",,-1|{ñ class}|{ñ clas|{ñ c|{ñclass},cp1252
RAIS_VINCULOS,2017,2017,15,Faixa Remun Dezem (SM),faixa_remun_dezem_sm,faixa_remun_dez_sm,SMALLINT,;,",",,-1|{ñ class}|{ñ clas|{ñ c|{ñclass},cp1252
RAIS_VINCULOS,2017,2017,16,Faixa Remun Média (SM),faixa_remun_media_sm,faixa_remun_media_sm,SMALLINT,;,",",,-1|{ñ class}|{ñ clas|{ñ c|{ñclass},cp1252
RAIS_VINCULOS,2017,2017,17,Faixa Tempo Emprego,faixa_tempo_emprego,faixa_tempo_emprego,SMALLINT,;,",",,-1|{ñ class}|{ñ clas|{ñ c|{ñclass},cp1252
RAIS_VINCULOS,2017,2017,18,Escolaridade após 2005,escolaridade_apos_2005,grau_instrucao,SMALLINT,;,",",,-1|{ñ class}|{ñ clas|{ñ c|{ñclass},cp1252
RAIS_VINCULOS,2017,2017,19,Qtd Hora Contr,qtd_hora_contr,qtd_hora_contr,SMALLINT,;,",",,-1|{ñ class}|{ñ clas|{ñ c|{ñclass},cp1252
RAIS_VINCULOS,2017,2017,20,Idade,idade,idade,SMALLINT,;,",",,-1|{ñ class}|{ñ clas|{ñ c|{ñclass},cp1252
RAIS_VINCULOS,2017,2017,21,Ind CEI Vinculado,ind_cei_vinculado,ind_cei_vinculado,SMALLINT,;,",",,-1|{ñ class}|{ñ clas|{ñ c|{ñclass},cp1252
RAIS_VINCULOS,2017,2017,22,Ind Simples,ind_simples,ind_simples,SMALLINT,;,",",,-1|{ñ class}|{ñ clas|{ñ c|{ñclass},cp1252
RAIS_VINCULOS,2017,2017,23,Mês Admissão,mes_admissao,mes_admissao,SMALLINT,;,",",,-1|{ñ class}|{ñ clas|{ñ c|{ñclass},cp1252
RAIS_VINCULOS,2017,2017,24,Mês Desligamento,mes_desligamento,mes_desligamento,SMALLINT,;,",",,-1|{ñ class}|{ñ clas|{ñ c|{ñclass},cp1252
RAIS_VINCULOS,2017,2017,25,Mun Trab,mun_trab,mun_trab,VARCHAR,;,",",,-1|{ñ class}|{ñ clas|{ñ c|{ñclass},cp1252
RAIS_VINCULOS,2017,2017,26,Município,municipio,municipio,VARCHAR,;,",",,-1|{ñ class}|{ñ clas|{ñ c|{ñclass},cp1252
RAIS_VINCULOS,2017,2017,27,Nacionalidade,nacionalidade,nacionalidade,SMALLINT,;,",",,-1|{ñ class}|{ñ clas|{ñ c|{ñclass},cp1252
RAIS_VINCULOS,2017,2017,28,Natureza Jurídica,natureza_juridica,natureza_juridica,VARCHAR,;,",",,-1|{ñ class}|{ñ clas|{ñ c|{ñclass},cp1252
RAIS_VINCULOS,2017,2017,29,Ind Portador Defic,ind_portador_defic,ind_portador_defic,SMALLINT,;,",",,-1|{ñ class}|{ñ clas|{ñ c|{ñclass},cp1252
RAIS_VINCULOS,2017,2017,30,Qtd Dias Afastamento,qtd_dias_afastamento,qtd_dias_afastamento,SMALLINT,;,",",,-1|{ñ class}|{ñ clas|{ñ c|{ñclass},cp1252
RAIS_VINCULOS,2017,2017,31,Raça Cor,raca_cor,raca_cor,SMALLINT,;,",",,-1|{ñ class}|{ñ clas|{ñ c|{ñclass},cp1252
RAIS_VINCULOS,2017,2017,32,Regiões Adm DF,regioes_adm_df,regiao_adm_df,VARCHAR,;,",",,-1|{ñ class}|{ñ clas|{ñ c|{ñclass},cp1252
RAIS_VINCULOS,2017,2017,33,Vl Remun Dezembro Nom,vl_remun_dezembro_nom,remun_dez_nom,DOUBLE,;,",",,-1|{ñ class}|{ñ clas|{ñ c|{ñclass},cp1252
RAIS_VINCULOS,2017,2017,34,Vl Remun Dezembro (SM),vl_remun_dezembro_sm,remun_dez_sm,DOUBLE,;,",",,-1|{ñ class}|{ñ clas|{ñ c|{ñclass},cp1252
RAIS_VINCULOS,2017,2017,35,Vl Remun Média Nom,vl_remun_media_nom,remun_media_nom,DOUBLE,;,",",,-1|{ñ class}|{ñ clas|{ñ c|{ñclass},cp1252
RAIS_VINCULOS,2017,2017,36,Vl Remun Média (SM),vl_remun_media_sm,remun_media_sm,DOUBLE,;,",",,-1|{ñ class}|{ñ clas|{ñ c|{ñclass},cp1252
RAIS_VINCULOS,2017,2017,37,CNAE 2.0 Subclasse,cnae_2_0_subclasse,cnae20_subclasse,VARCHAR,;,",",,-1|{ñ class}|{ñ clas|{ñ c|{ñclass},cp1252
RAIS_VINCULOS,2017,2017,38,Sexo Trabalhador,sexo_trabalhador,sexo,SMALLINT,;,",",,-1|{ñ class}|{ñ clas|{ñ c|{ñclass},cp1252
RAIS_VINCULOS,2017,2017,39,Tamanho Estabelecimento,tamanho_estabelecimento,tamanho_estab,SMALLINT,;,",",,-1|{ñ class}|{ñ clas|{ñ c|{ñclass},cp1252
RAIS_VINCULOS,2017,2017,40,Tempo Emprego,tempo_emprego,tempo_emprego,DOUBLE,;,",",,-1|{ñ class}|{ñ clas|{ñ c|{ñclass},cp1252
RAIS_VINCULOS,2017,2017,41,Tipo Admissão,tipo_admissao,tipo_admissao,SMALLINT,;,",",,-1|{ñ class}|{ñ clas|{ñ c|{ñclass},cp1252
RAIS_VINCULOS,2017,2017,42,Tipo Estab,tipo_estab,tipo_estab,SMALLINT,;,",",,-1|{ñ class}|{ñ clas|{ñ c|{ñclass},cp1252
RAIS_VINCULOS,2017,2017,43,Tipo Estab,tipo_estab,tipo_estab_nome,VARCHAR,;,",",,-1|{ñ class}|{ñ clas|{ñ c|{ñclass},cp1252
RAIS_VINCULOS,2017,2017,44,Tipo Defic,tipo_defic,tipo_defic,SMALLINT,;,",",,-1|{ñ class}|{ñ clas|{ñ c|{ñclass},cp1252
RAIS_VINCULOS,2017,2017,45,Tipo Vínculo,tipo_vinculo,tipo_vinculo,SMALLINT,;,",",,-1|{ñ class}|{ñ clas|{ñ c|{ñclass},cp1252
RAIS_VINCULOS,2017,2017,46,IBGE Subsetor,ibge_subsetor,ibge_subsetor,SMALLINT,;,",",,-1|{ñ class}|{ñ clas|{ñ c|{ñclass},cp1252
RAIS_VINCULOS,2017,2017,47,Vl Rem Janeiro CC,vl_rem_janeiro_cc,remun_janeiro_nom,DOUBLE,;,",",,-1|{ñ class}|{ñ clas|{ñ c|{ñclass},cp1252
RAIS_VINCULOS,2017,2017,48,Vl Rem Fevereiro CC,vl_rem_fevereiro_cc,remun_fevereiro_nom,DOUBLE,;,",",,-1|{ñ class}|{ñ clas|{ñ c|{ñclass},cp1252
RAIS_VINCULOS,2017,2017,49,Vl Rem Março CC,vl_rem_marco_cc,remun_marco_nom,DOUBLE,;,",",,-1|{ñ class}|{ñ clas|{ñ c|{ñclass},cp1252
RAIS_VINCULOS,2017,2017,50,Vl Rem Abril CC,vl_rem_abril_cc,remun_abril_nom,DOUBLE,;,",",,-1|{ñ class}|{ñ clas|{ñ c|{ñclass},cp1252
RAIS_VINCULOS,2017,2017,51,Vl Rem Maio CC,vl_rem_maio_cc,remun_maio_nom,DOUBLE,;,",",,-1|{ñ class}|{ñ clas|{ñ c|{ñclass},cp1252
RAIS_VINCULOS,2017,2017,52,Vl Rem Junho CC,vl_rem_junho_cc,remun_junho_nom,DOUBLE,;,",",,-1|{ñ class}|{ñ clas|{ñ c|{ñclass},cp1252
RAIS_VINCULOS,2017,2017,53,Vl Rem Julho CC,vl_rem_julho_cc,remun_julho_nom,DOUBLE,;,",",,-1|{ñ class}|{ñ clas|{ñ c|{ñclass},cp1252
RAIS_VINCULOS,2017,2017,54,Vl Rem Agosto CC,vl_rem_agosto_cc,remun_agosto_nom,DOUBLE,;,",",,-1|{ñ class}|{ñ clas|{ñ c|{ñclass},cp1252
RAIS_VINCULOS,2017,2017,55,Vl Rem Setembro CC,vl_rem_setembro_cc,remun_setembro_nom,DOUBLE,;,",",,-1|{ñ class}|{ñ clas|{ñ c|{ñclass},cp1252
RAIS_VINCULOS,2017,2017,56,Vl Rem Outubro CC,vl_rem_outubro_cc,remun_outubro_nom,DOUBLE,;,",",,-1|{ñ class}|{ñ clas|{ñ c|{ñclass},cp1252
RAIS_VINCULOS,2017,2017,57,Vl Rem Novembro CC,vl_rem_novembro_cc,remun_novembro_nom,DOUBLE,;,",",,-1|{ñ class}|{ñ clas|{ñ c|{ñclass},cp1252
RAIS_VINCULOS,2017,2017,58,Ano Chegada Brasil,ano_chegada_brasil,ano_chegada_brasil,SMALLINT,;,",",,-1|{ñ class}|{ñ clas|{ñ c|{ñclass},cp1252
RAIS_VINCULOS,2017,2017,59,Ind Trab Parcial,ind_trab_parcial,ind_trab_parcial,SMALLINT,;,",",,-1|{ñ class}|{ñ clas|{ñ c|{ñclass},cp1252
RAIS_VINCULOS,2017,2017,60,Ind Trab Intermitente,ind_trab_intermitente,ind_trab_intermitente,SMALLINT,;,",",,-1|{ñ class}|{ñ clas|{ñ c|{ñclass},cp1252
RAIS_VINCULOS,2018,2018,1,Bairros SP,bairros_sp,bairro_sp,VARCHAR,;,",",,-1|{ñ class}|{ñ clas|{ñ c|{ñclass},cp1252
RAIS_VINCULOS,2018,2018,2,Bairros Fortaleza,bairros_fortaleza,bairro_fortaleza,VARCHAR,;,",",,-1|{ñ class}|{ñ clas|{ñ c|{ñclass},cp1252
RAIS_VINCULOS,2018,2018,3,Bairros RJ,bairros_rj,bairro_rj,VARCHAR,;,",",,-1|{ñ class}|{ñ clas|{ñ c|{ñclass},cp1252
RAIS_VINCULOS,2018,2018,4,Causa Afastamento 1,causa_afastamento_1,causa_afastamento_1,SMALLINT,;,",",,-1|{ñ class}|{ñ clas|{ñ c|{ñclass},cp1252
RAIS_VINCULOS,2018,2018,5,Causa Afastamento 2,causa_afastamento_2,causa_afastamento_2,SMALLINT,;,",",,-1|{ñ class}|{ñ clas|{ñ c|{ñclass},cp1252
RAIS_VINCULOS,2018,2018,6,Causa Afastamento 3,causa_afastamento_3,causa_afastamento_3,SMALLINT,;,",",,-1|{ñ class}|{ñ clas|{ñ c|{ñclass},cp1252
RAIS_VINCULOS,2018,2018,7,Motivo Desligamento,motivo_desligamento,motivo_desligamento,SMALLINT,;,",",,-1|{ñ class}|{ñ clas|{ñ c|{ñclass},cp1252
RAIS_VINCULOS,2018,2018,8,CBO Ocupação 2002,cbo_ocupacao_2002,cbo_2002,VARCHAR,;,",",,-1|{ñ class}|{ñ clas|{ñ c|{ñclass},cp1252
RAIS_VINCULOS,2018,2018,9,CNAE 2.0 Classe,cnae_2_0_classe,cnae20_classe,VARCHAR,;,",",,-1|{ñ class}|{ñ clas|{ñ c|{ñclass},cp1252
RAIS_VINCULOS,2018,2018,10,CNAE 95 Classe,cnae_95_classe,cnae95_classe,VARCHAR,;,",",,-1|{ñ class}|{ñ clas|{ñ c|{ñclass},cp1252
RAIS_VINCULOS,2018,2018,11,Distritos SP,distritos_sp,distrito_sp,VARCHAR,;,",",,-1|{ñ class}|{ñ clas|{ñ c|{ñclass},cp1252
RAIS_VINCULOS,2018,2018,12,Vínculo Ativo 31/12,vinculo_ativo_31_12,vinculo_ativo_3112,BOOLEAN,;,",",,-1|{ñ class}|{ñ clas|{ñ c|{ñclass},cp1252
RAIS_VINCULOS,2018,2018,13,Faixa Etária,faixa_etaria,faixa_etaria,SMALLINT,;,",",,-1|{ñ class}|{ñ clas|{ñ c|{ñclass},cp1252
RAIS_VINCULOS,2018,2018,14,Faixa Hora Contrat,faixa_hora_contrat,faixa_hora_contrat,SMALLINT,;,",",,-1|{ñ class}|{ñ clas|{ñ c|{ñclass},cp1252
RAIS_VINCULOS,2018,2018,15,Faixa Remun Dezem (SM),faixa_remun_dezem_sm,faixa_remun_dez_sm,SMALLINT,;,",",,-1|{ñ class}|{ñ clas|{ñ c|{ñclass},cp1252
RAIS_VINCULOS,2018,2018,16,Faixa Remun Média (SM),faixa_remun_media_sm,faixa_remun_media_sm,SMALLINT,;,",",,-1|{ñ class}|{ñ clas|{ñ c|{ñclass},cp1252
RAIS_VINCULOS,2018,2018,17,Faixa Tempo Emprego,faixa_tempo_emprego,faixa_tempo_emprego,SMALLINT,;,",",,-1|{ñ class}|{ñ clas|{ñ c|{ñclass},cp1252
RAIS_VINCULOS,2018,2018,18,Escolaridade após 2005,escolaridade_apos_2005,grau_instrucao,SMALLINT,;,",",,-1|{ñ class}|{ñ clas|{ñ c|{ñclass},cp1252
RAIS_VINCULOS,2018,2018,19,Qtd Hora Contr,qtd_hora_contr,qtd_hora_contr,SMALLINT,;,",",,-1|{ñ class}|{ñ clas|{ñ c|{ñclass},cp1252
RAIS_VINCULOS,2018,2018,20,Idade,idade,idade,SMALLINT,;,",",,-1|{ñ class}|{ñ clas|{ñ c|{ñclass},cp1252
RAIS_VINCULOS,2018,2018,21,Ind CEI Vinculado,ind_cei_vinculado,ind_cei_vinculado,SMALLINT,;,",",,-1|{ñ class}|{ñ clas|{ñ c|{ñclass},cp1252
RAIS_VINCULOS,2018,2018,22,Ind Simples,ind_simples,ind_simples,SMALLINT,;,",",,-1|{ñ class}|{ñ clas|{ñ c|{ñclass},cp1252
RAIS_VINCULOS,2018,2018,23,Mês Admissão,mes_admissao,mes_admissao,SMALLINT,;,",",,-1|{ñ class}|{ñ clas|{ñ c|{ñclass},cp1252
RAIS_VINCULOS,2018,2018,24,Mês Desligamento,mes_desligamento,mes_desligamento,SMALLINT,;,",",,-1|{ñ class}|{ñ clas|{ñ c|{ñclass},cp1252
RAIS_VINCULOS,2018,2018,25,Mun Trab,mun_trab,mun_trab,VARCHAR,;,",",,-1|{ñ class}|{ñ clas|{ñ c|{ñclass},cp1252
RAIS_VINCULOS,2018,2018,26,Município,municipio,municipio,VARCHAR,;,",",,-1|{ñ class}|{ñ clas|{ñ c|{ñclass},cp1252
RAIS_VINCULOS,2018,2018,27,Nacionalidade,nacionalidade,nacionalidade,SMALLINT,;,",",,-1|{ñ class}|{ñ clas|{ñ c|{ñclass},cp1252
RAIS_VINCULOS,2018,2018,28,Natureza Jurídica,natureza_juridica,natureza_juridica,VARCHAR,;,",",,-1|{ñ class}|{ñ clas|{ñ c|{ñclass},cp1252
RAIS_VINCULOS,2018,2018,29,Ind Portador Defic,ind_portador_defic,ind_portador_defic,SMALLINT,;,",",,-1|{ñ class}|{ñ clas|{ñ c|{ñclass},cp1252
RAIS_VINCULOS,2018,2018,30,Qtd Dias Afastamento,qtd_dias_afastamento,qtd_dias_afastamento,SMALLINT,;,",",,-1|{ñ class}|{ñ clas|{ñ c|{ñclass},cp1252
RAIS_VINCULOS,2018,2018,31,Raça Cor,raca_cor,raca_cor,SMALLINT,;,",",,-1|{ñ class}|{ñ clas|{ñ c|{ñclass},cp1252
RAIS_VINCULOS,2018,2018,32,Regiões Adm DF,regioes_adm_df,regiao_adm_df,VARCHAR,;,",",,-1|{ñ class}|{ñ clas|{ñ c|{ñclass},cp1252
RAIS_VINCULOS,2018,2018,33,Vl Remun Dezembro Nom,vl_remun_dezembro_nom,remun_dez_nom,DOUBLE,;,",",,-1|{ñ class}|{ñ clas|{ñ c|{ñclass},cp1252
RAIS_VINCULOS,2018,2018,34,Vl Remun Dezembro (SM),vl_remun_dezembro_sm,remun_dez_sm,DOUBLE,;,",",,-1|{ñ class}|{ñ clas|{ñ c|{ñclass},cp1252
RAIS_VINCULOS,2018,2018,35,Vl Remun Média Nom,vl_remun_media_nom,remun_media_nom,DOUBLE,;,",",,-1|{ñ class}|{ñ clas|{ñ c|{ñclass},cp1252
RAIS_VINCULOS,2018,2018,36,Vl Remun Média (SM),vl_remun_media_sm,remun_media_sm,DOUBLE,;,",",,-1|{ñ class}|{ñ clas|{ñ c|{ñclass},cp1252
RAIS_VINCULOS,2018,2018,37,CNAE 2.0 Subclasse,cnae_2_0_subclasse,cnae20_subclasse,VARCHAR,;,",",,-1|{ñ class}|{ñ clas|{ñ c|{ñclass},cp1252
RAIS_VINCULOS,2018,2018,38,Sexo Trabalhador,sexo_trabalhador,sexo,SMALLINT,;,",",,-1|{ñ class}|{ñ clas|{ñ c|{ñclass},cp1252
RAIS_VINCULOS,2018,2018,39,Tamanho Estabelecimento,tamanho_estabelecimento,tamanho_estab,SMALLINT,;,",",,-1|{ñ class}|{ñ clas|{ñ c|{ñclass},cp1252
RAIS_VINCULOS,2018,2018,40,Tempo Emprego,tempo_emprego,tempo_emprego,DOUBLE,;,",",,-1|{ñ class}|{ñ clas|{ñ c|{ñclass},cp1252
RAIS_VINCULOS,2018,2018,41,Tipo Admissão,tipo_admissao,tipo_admissao,SMALLINT,;,",",,-1|{ñ class}|{ñ clas|{ñ c|{ñclass},cp1252
RAIS_VINCULOS,2018,2018,42,Tipo Estab,tipo_estab,tipo_estab,SMALLINT,;,",",,-1|{ñ class}|{ñ clas|{ñ c|{ñclass},cp1252
RAIS_VINCULOS,2018,2018,43,Tipo Estab,tipo_estab,tipo_estab_nome,VARCHAR,;,",",,-1|{ñ class}|{ñ clas|{ñ c|{ñclass},cp1252
RAIS_VINCULOS,2018,2018,44,Tipo Defic,tipo_defic,tipo_defic,SMALLINT,;,",",,-1|{ñ class}|{ñ clas|{ñ c|{ñclass},cp1252
RAIS_VINCULOS,2018,2018,45,Tipo Vínculo,tipo_vinculo,tipo_vinculo,SMALLINT,;,",",,-1|{ñ class}|{ñ clas|{ñ c|{ñclass},cp1252
RAIS_VINCULOS,2018,2018,46,IBGE Subsetor,ibge_subsetor,ibge_subsetor,SMALLINT,;,",",,-1|{ñ class}|{ñ clas|{ñ c|{ñclass},cp1252
RAIS_VINCULOS,2018,2018,47,Vl Rem Janeiro CC,vl_rem_janeiro_cc,remun_janeiro_nom,DOUBLE,;,",",,-1|{ñ class}|{ñ clas|{ñ c|{ñclass},cp1252
RAIS_VINCULOS,2018,2018,48,Vl Rem Fevereiro CC,vl_rem_fevereiro_cc,remun_fevereiro_nom,DOUBLE,;,",",,-1|{ñ class}|{ñ clas|{ñ c|{ñclass},cp1252
RAIS_VINCULOS,2018,2018,49,Vl Rem Março CC,vl_rem_marco_cc,remun_marco_nom,DOUBLE,;,",",,-1|{ñ class}|{ñ clas|{ñ c|{ñclass},cp1252
RAIS_VINCULOS,2018,2018,50,Vl Rem Abril CC,vl_rem_abril_cc,remun_abril_nom,DOUBLE,;,",",,-1|{ñ class}|{ñ clas|{ñ c|{ñclass},cp1252
RAIS_VINCULOS,2018,2018,51,Vl Rem Maio CC,vl_rem_maio_cc,remun_maio_nom,DOUBLE,;,",",,-1|{ñ class}|{ñ clas|{ñ c|{ñclass},cp1252
RAIS_VINCULOS,2018,2018,52,Vl Rem Junho CC,vl_rem_junho_cc,remun_junho_nom,DOUBLE,;,",",,-1|{ñ class}|{ñ clas|{ñ c|{ñclass},cp1252
RAIS_VINCULOS,2018,2018,53,Vl Rem Julho CC,vl_rem_julho_cc,remun_julho_nom,DOUBLE,;,",",,-1|{ñ class}|{ñ clas|{ñ c|{ñclass},cp1252
RAIS_VINCULOS,2018,2018,54,Vl Rem Agosto CC,vl_rem_agosto_cc,remun_agosto_nom,DOUBLE,;,",",,-1|{ñ class}|{ñ clas|{ñ c|{ñclass},cp1252
RAIS_VINCULOS,2018,2018,55,Vl Rem Setembro CC,vl_rem_setembro_cc,remun_setembro_nom,DOUBLE,;,",",,-1|{ñ class}|{ñ clas|{ñ c|{ñclass},cp1252
RAIS_VINCULOS,2018,2018,56,Vl Rem Outubro CC,vl_rem_outubro_cc,remun_outubro_nom,DOUBLE,;,",",,-1|{ñ class}|{ñ clas|{ñ c|{ñclass},cp1252
RAIS_VINCULOS,2018,2018,57,Vl Rem Novembro CC,vl_rem_novembro_cc,remun_novembro_nom,DOUBLE,;,",",,-1|{ñ class}|{ñ clas|{ñ c|{ñclass},cp1252
RAIS_VINCULOS,2018,2018,58,Ano Chegada Brasil,ano_chegada_brasil,ano_chegada_brasil,SMALLINT,;,",",,-1|{ñ class}|{ñ clas|{ñ c|{ñclass},cp1252
RAIS_VINCULOS,2018,2018,59,Ind Trab Intermitente,ind_trab_intermitente,ind_trab_intermitente,SMALLINT,;,",",,-1|{ñ class}|{ñ clas|{ñ c|{ñclass},cp1252
RAIS_VINCULOS,2018,2018,60,Ind Trab Parcial,ind_trab_parcial,ind_trab_parcial,SMALLINT,;,",",,-1|{ñ class}|{ñ clas|{ñ c|{ñclass},cp1252
RAIS_VINCULOS,2018,2018,61,Tipo Salário,tipo_salario,tipo_salario,SMALLINT,;,",",,-1|{ñ class}|{ñ clas|{ñ c|{ñclass},cp1252
RAIS_VINCULOS,2018,2018,62,Vl Salário Contratual,vl_salario_contratual,salario_contratual,DOUBLE,;,",",,-1|{ñ class}|{ñ clas|{ñ c|{ñclass},cp1252
RAIS_VINCULOS,2019,2019,1,Bairros SP,bairros_sp,bairro_sp,VARCHAR,;,",",,-1|{ñ class}|{ñ clas|{ñ c|{ñclass},cp1252
RAIS_VINCULOS,2019,2019,2,Bairros Fortaleza,bairros_fortaleza,bairro_fortaleza,VARCHAR,;,",",,-1|{ñ class}|{ñ clas|{ñ c|{ñclass},cp1252
RAIS_VINCULOS,2019,2019,3,Bairros RJ,bairros_rj,bairro_rj,VARCHAR,;,",",,-1|{ñ class}|{ñ clas|{ñ c|{ñclass},cp1252
RAIS_VINCULOS,2019,2019,4,Causa Afastamento 1,causa_afastamento_1,causa_afastamento_1,SMALLINT,;,",",,-1|{ñ class}|{ñ clas|{ñ c|{ñclass},cp1252
RAIS_VINCULOS,2019,2019,5,Causa Afastamento 2,causa_afastamento_2,causa_afastamento_2,SMALLINT,;,",",,-1|{ñ class}|{ñ clas|{ñ c|{ñclass},cp1252
RAIS_VINCULOS,2019,2019,6,Causa Afastamento 3,causa_afastamento_3,causa_afastamento_3,SMALLINT,;,",",,-1|{ñ class}|{ñ clas|{ñ c|{ñclass},cp1252
RAIS_VINCULOS,2019,2019,7,Motivo Desligamento,motivo_desligamento,motivo_desligamento,SMALLINT,;,",",,-1|{ñ class}|{ñ clas|{ñ c|{ñclass},cp1252
RAIS_VINCULOS,2019,2019,8,CBO Ocupação 2002,cbo_ocupacao_2002,cbo_2002,VARCHAR,;,",",,-1|{ñ class}|{ñ clas|{ñ c|{ñclass},cp1252
RAIS_VINCULOS,2019,2019,9,CNAE 2.0 Classe,cnae_2_0_classe,cnae20_classe,VARCHAR,;,",",,-1|{ñ class}|{ñ clas|{ñ c|{ñclass},cp1252
RAIS_VINCULOS,2019,2019,10,CNAE 95 Classe,cnae_95_classe,cnae95_classe,VARCHAR,;,",",,-1|{ñ class}|{ñ clas|{ñ c|{ñclass},cp1252
RAIS_VINCULOS,2019,2019,11,Distritos SP,distritos_sp,distrito_sp,VARCHAR,;,",",,-1|{ñ class}|{ñ clas|{ñ c|{ñclass},cp1252
RAIS_VINCULOS,2019,2019,12,Vínculo Ativo 31/12,vinculo_ativo_31_12,vinculo_ativo_3112,BOOLEAN,;,",",,-1|{ñ class}|{ñ clas|{ñ c|{ñclass},cp1252
RAIS_VINCULOS,2019,2019,13,Faixa Etária,faixa_etaria,faixa_etaria,SMALLINT,;,",",,-1|{ñ class}|{ñ clas|{ñ c|{ñclass},cp1252
RAIS_VINCULOS,2019,2019,14,Faixa Hora Contrat,faixa_hora_contrat,faixa_hora_contrat,SMALLINT,;,",",,-1|{ñ class}|{ñ clas|{ñ c|{ñclass},cp1252
RAIS_VINCULOS,2019,2019,15,Faixa Remun Dezem (SM),faixa_remun_dezem_sm,faixa_remun_dez_sm,SMALLINT,;,",",,-1|{ñ class}|{ñ clas|{ñ c|{ñclass},cp1252
RAIS_VINCULOS,2019,2019,16,Faixa Remun Média (SM),faixa_remun_media_sm,faixa_remun_media_sm,SMALLINT,;,",",,-1|{ñ class}|{ñ clas|{ñ c|{ñclass},cp1252
RAIS_VINCULOS,2019,2019,17,Faixa Tempo Emprego,faixa_tempo_emprego,faixa_tempo_emprego,SMALLINT,;,",",,-1|{ñ class}|{ñ clas|{ñ c|{ñclass},cp1252
RAIS_VINCULOS,2019,2019,18,Escolaridade após 2005,escolaridade_apos_2005,grau_instrucao,SMALLINT,;,",",,-1|{ñ class}|{ñ clas|{ñ c|{ñclass},cp1252
RAIS_VINCULOS,2019,2019,19,Qtd Hora Contr,qtd_hora_contr,qtd_hora_contr,SMALLINT,;,",",,-1|{ñ class}|{ñ clas|{ñ c|{ñclass},cp1252
RAIS_VINCULOS,2019,2019,20,Idade,idade,idade,SMALLINT,;,",",,-1|{ñ class}|{ñ clas|{ñ c|{ñclass},cp1252
RAIS_VINCULOS,2019,2019,21,Ind CEI Vinculado,ind_cei_vinculado,ind_cei_vinculado,SMALLINT,;,",",,-1|{ñ class}|{ñ clas|{ñ c|{ñclass},cp1252
RAIS_VINCULOS,2019,2019,22,Ind Simples,ind_simples,ind_simples,SMALLINT,;,",",,-1|{ñ class}|{ñ clas|{ñ c|{ñclass},cp1252
RAIS_VINCULOS,2019,2019,23,Mês Admissão,mes_admissao,mes_admissao,SMALLINT,;,",",,-1|{ñ class}|{ñ clas|{ñ c|{ñclass},cp1252
RAIS_VINCULOS,2019,2019,24,Mês Desligamento,mes_desligamento,mes_desligamento,SMALLINT,;,",",,-1|{ñ class}|{ñ clas|{ñ c|{ñclass},cp1252
RAIS_VINCULOS,2019,2019,25,Mun Trab,mun_trab,mun_trab,VARCHAR,;,",",,-1|{ñ class}|{ñ clas|{ñ c|{ñclass},cp1252
RAIS_VINCULOS,2019,2019,26,Município,municipio,municipio,VARCHAR,;,",",,-1|{ñ class}|{ñ clas|{ñ c|{ñclass},cp1252
RAIS_VINCULOS,2019,2019,27,Nacionalidade,nacionalidade,nacionalidade,SMALLINT,;,",",,-1|{ñ class}|{ñ clas|{ñ c|{ñclass},cp1252
RAIS_VINCULOS,2019,2019,28,Natureza Jurídica,natureza_juridica,natureza_juridica,VARCHAR,;,",",,-1|{ñ class}|{ñ clas|{ñ c|{ñclass},cp1252
RAIS_VINCULOS,2019,2019,29,Ind Portador Defic,ind_portador_defic,ind_portador_defic,SMALLINT,;,",",,-1|{ñ class}|{ñ clas|{ñ c|{ñclass},cp1252
RAIS_VINCULOS,2019,2019,30,Qtd Dias Afastamento,qtd_dias_afastamento,qtd_dias_afastamento,SMALLINT,;,",",,-1|{ñ class}|{ñ clas|{ñ c|{ñclass},cp1252
RAIS_VINCULOS,2019,2019,31,Raça Cor,raca_cor,raca_cor,SMALLINT,;,",",,-1|{ñ class}|{ñ clas|{ñ c|{ñclass},cp1252
RAIS_VINCULOS,2019,2019,32,Regiões Adm DF,regioes_adm_df,regiao_adm_df,VARCHAR,;,",",,-1|{ñ class}|{ñ clas|{ñ c|{ñclass},cp1252
RAIS_VINCULOS,2019,2019,33,Vl Remun Dezembro Nom,vl_remun_dezembro_nom,remun_dez_nom,DOUBLE,;,",",,-1|{ñ class}|{ñ clas|{ñ c|{ñclass},cp1252
RAIS_VINCULOS,2019,2019,34,Vl Remun Dezembro (SM),vl_remun_dezembro_sm,remun_dez_sm,DOUBLE,;,",",,-1|{ñ class}|{ñ clas|{ñ c|{ñclass},cp1252
RAIS_VINCULOS,2019,2019,35,Vl Remun Média Nom,vl_remun_media_nom,remun_media_nom,DOUBLE,;,",",,-1|{ñ class}|{ñ clas|{ñ c|{ñclass},cp1252
RAIS_VINCULOS,2019,2019,36,Vl Remun Média (SM),vl_remun_media_sm,remun_media_sm,DOUBLE,;,",",,-1|{ñ class}|{ñ clas|{ñ c|{ñclass},cp1252
RAIS_VINCULOS,2019,2019,37,CNAE 2.0 Subclasse,cnae_2_0_subclasse,cnae20_subclasse,VARCHAR,;,",",,-1|{ñ class}|{ñ clas|{ñ c|{ñclass},cp1252
RAIS_VINCULOS,2019,2019,38,Sexo Trabalhador,sexo_trabalhador,sexo,SMALLINT,;,",",,-1|{ñ class}|{ñ clas|{ñ c|{ñclass},cp1252
RAIS_VINCULOS,2019,2019,39,Tamanho Estabelecimento,tamanho_estabelecimento,tamanho_estab,SMALLINT,;,",",,-1|{ñ class}|{ñ clas|{ñ c|{ñclass},cp1252
RAIS_VINCULOS,2019,2019,40,Tempo Emprego,tempo_emprego,tempo_emprego,DOUBLE,;,",",,-1|{ñ class}|{ñ clas|{ñ c|{ñclass},cp1252
RAIS_VINCULOS,2019,2019,41,Tipo Admissão,tipo_admissao,tipo_admissao,SMALLINT,;,",",,-1|{ñ class}|{ñ clas|{ñ c|{ñclass},cp1252
RAIS_VINCULOS,2019,2019,42,Tipo Estab,tipo_estab,tipo_estab,SMALLINT,;,",",,-1|{ñ class}|{ñ clas|{ñ c|{ñclass},cp1252
RAIS_VINCULOS,2019,2019,43,Tipo Estab,tipo_estab,tipo_estab_nome,VARCHAR,;,",",,-1|{ñ class}|{ñ clas|{ñ c|{ñclass},cp1252
RAIS_VINCULOS,2019,2019,44,Tipo Defic,tipo_defic,tipo_defic,SMALLINT,;,",",,-1|{ñ class}|{ñ clas|{ñ c|{ñclass},cp1252
RAIS_VINCULOS,2019,2019,45,Tipo Vínculo,tipo_vinculo,tipo_vinculo,SMALLINT,;,",",,-1|{ñ class}|{ñ clas|{ñ c|{ñclass},cp1252
RAIS_VINCULOS,2019,2019,46,IBGE Subsetor,ibge_subsetor,ibge_subsetor,SMALLINT,;,",",,-1|{ñ class}|{ñ clas|{ñ c|{ñclass},cp1252
RAIS_VINCULOS,2019,2019,47,Vl Rem Janeiro CC,vl_rem_janeiro_cc,remun_janeiro_nom,DOUBLE,;,",",,-1|{ñ class}|{ñ clas|{ñ c|{ñclass},cp1252
RAIS_VINCULOS,2019,2019,48,Vl Rem Fevereiro CC,vl_rem_fevereiro_cc,remun_fevereiro_nom,DOUBLE,;,",",,-1|{ñ class}|{ñ clas|{ñ c|{ñclass},cp1252
RAIS_VINCULOS,2019,2019,49,Vl Rem Março CC,vl_rem_marco_cc,remun_marco_nom,DOUBLE,;,",",,-1|{ñ class}|{ñ clas|{ñ c|{ñclass},cp1252
RAIS_VINCULOS,2019,2019,50,Vl Rem Abril CC,vl_rem_abril_cc,remun_abril_nom,DOUBLE,;,",",,-1|{ñ class}|{ñ clas|{ñ c|{ñclass},cp1252
RAIS_VINCULOS,2019,2019,51,Vl Rem Maio CC,vl_rem_maio_cc,remun_maio_nom,DOUBLE,;,",",,-1|{ñ class}|{ñ clas|{ñ c|{ñclass},cp1252
RAIS_VINCULOS,2019,2019,52,Vl Rem Junho CC,vl_rem_junho_cc,remun_junho_nom,DOUBLE,;,",",,-1|{ñ class}|{ñ clas|{ñ c|{ñclass},cp1252
RAIS_VINCULOS,2019,2019,53,Vl Rem Julho CC,vl_rem_julho_cc,remun_julho_nom,DOUBLE,;,",",,-1|{ñ class}|{ñ clas|{ñ c|{ñclass},cp1252
RAIS_VINCULOS,2019,2019,54,Vl Rem Agosto CC,vl_rem_agosto_cc,remun_agosto_nom,DOUBLE,;,",",,-1|{ñ class}|{ñ clas|{ñ c|{ñclass},cp1252
RAIS_VINCULOS,2019,2019,55,Vl Rem Setembro CC,vl_rem_setembro_cc,remun_setembro_nom,DOUBLE,;,",",,-1|{ñ class}|{ñ clas|{ñ c|{ñclass},cp1252
RAIS_VINCULOS,2019,2019,56,Vl Rem Outubro CC,vl_rem_outubro_cc,remun_outubro_nom,DOUBLE,;,",",,-1|{ñ class}|{ñ clas|{ñ c|{ñclass},cp1252
RAIS_VINCULOS,2019,2019,57,Vl Rem Novembro CC,vl_rem_novembro_cc,remun_novembro_nom,DOUBLE,;,",",,-1|{ñ class}|{ñ clas|{ñ c|{ñclass},cp1252
RAIS_VINCULOS,2019,2019,58,Ano Chegada Brasil,ano_chegada_brasil,ano_chegada_brasil,SMALLINT,;,",",,-1|{ñ class}|{ñ clas|{ñ c|{ñclass},cp1252
RAIS_VINCULOS,2019,2019,59,Ind Trab Intermitente,ind_trab_intermitente,ind_trab_intermitente,SMALLINT,;,",",,-1|{ñ class}|{ñ clas|{ñ c|{ñclass},cp1252
RAIS_VINCULOS,2019,2019,60,Ind Trab Parcial,ind_trab_parcial,ind_trab_parcial,SMALLINT,;,",",,-1|{ñ class}|{ñ clas|{ñ c|{ñclass},cp1252
RAIS_VINCULOS,2020,2022,1,Bairros SP,bairros_sp,bairro_sp,VARCHAR,;,",",,-1|{ñ class}|{ñ clas|{ñ c|{ñclass},cp1252
RAIS_VINCULOS,2020,2022,2,Bairros Fortaleza,bairros_fortaleza,bairro_fortaleza,VARCHAR,;,",",,-1|{ñ class}|{ñ clas|{ñ c|{ñclass},cp1252
RAIS_VINCULOS,2020,2022,3,Bairros RJ,bairros_rj,bairro_rj,VARCHAR,;,",",,-1|{ñ class}|{ñ clas|{ñ c|{ñclass},cp1252
RAIS_VINCULOS,2020,2022,4,Causa Afastamento 1,causa_afastamento_1,causa_afastamento_1,SMALLINT,;,",",,-1|{ñ class}|{ñ clas|{ñ c|{ñclass},cp1252
RAIS_VINCULOS,2020,2022,5,Causa Afastamento 2,causa_afastamento_2,causa_afastamento_2,SMALLINT,;,",",,-1|{ñ class}|{ñ clas|{ñ c|{ñclass},cp1252
RAIS_VINCULOS,2020,2022,6,Causa Afastamento 3,causa_afastamento_3,causa_afastamento_3,SMALLINT,;,",",,-1|{ñ class}|{ñ clas|{ñ c|{ñclass},cp1252
RAIS_VINCULOS,2020,2022,7,Motivo Desligamento,motivo_desligamento,motivo_desligamento,SMALLINT,;,",",,-1|{ñ class}|{ñ clas|{ñ c|{ñclass},cp1252
RAIS_VINCULOS,2020,2022,8,CBO Ocupação 2002,cbo_ocupacao_2002,cbo_2002,VARCHAR,;,",",,-1|{ñ class}|{ñ clas|{ñ c|{ñclass},cp1252
RAIS_VINCULOS,2020,2022,9,CNAE 2.0 Classe,cnae_2_0_classe,cnae20_classe,VARCHAR,;,",",,-1|{ñ class}|{ñ clas|{ñ c|{ñclass},cp1252
RAIS_VINCULOS,2020,2022,10,CNAE 95 Classe,cnae_95_classe,cnae95_classe,VARCHAR,;,",",,-1|{ñ class}|{ñ clas|{ñ c|{ñclass},cp1252
RAIS_VINCULOS,2020,2022,11,Distritos SP,distritos_sp,distrito_sp,VARCHAR,;,",",,-1|{ñ class}|{ñ clas|{ñ c|{ñclass},cp1252
RAIS_VINCULOS,2020,2022,12,Vínculo Ativo 31/12,vinculo_ativo_31_12,vinculo_ativo_3112,BOOLEAN,;,",",,-1|{ñ class}|{ñ clas|{ñ c|{ñclass},cp1252
RAIS_VINCULOS,2020,2022,13,Faixa Etária,faixa_etaria,faixa_etaria,SMALLINT,;,",",,-1|{ñ class}|{ñ clas|{ñ c|{ñclass},cp1252
RAIS_VINCULOS,2020,2022,14,Faixa Hora Contrat,faixa_hora_contrat,faixa_hora_contrat,SMALLINT,;,",",,-1|{ñ class}|{ñ clas|{ñ c|{ñclass},cp1252
RAIS_VINCULOS,2020,2022,15,Faixa Remun Dezem (SM),faixa_remun_dezem_sm,faixa_remun_dez_sm,SMALLINT,;,",",,-1|{ñ class}|{ñ clas|{ñ c|{ñclass},cp1252
RAIS_VINCULOS,2020,2022,16,Faixa Remun Média (SM),faixa_remun_media_sm,faixa_remun_media_sm,SMALLINT,;,",",,-1|{ñ class}|{ñ clas|{ñ c|{ñclass},cp1252
RAIS_VINCULOS,2020,2022,17,Faixa Tempo Emprego,faixa_tempo_emprego,faixa_tempo_emprego,SMALLINT,;,",",,-1|{ñ class}|{ñ clas|{ñ c|{ñclass},cp1252
RAIS_VINCULOS,2020,2022,18,Escolaridade após 2005,escolaridade_apos_2005,grau_instrucao,SMALLINT,;,",",,-1|{ñ class}|{ñ clas|{ñ c|{ñclass},cp1252
RAIS_VINCULOS,2020,2022,19,Qtd Hora Contr,qtd_hora_contr,qtd_hora_contr,SMALLINT,;,",",,-1|{ñ class}|{ñ clas|{ñ c|{ñclass},cp1252
RAIS_VINCULOS,2020,2022,20,Idade,idade,idade,SMALLINT,;,",",,-1|{ñ class}|{ñ clas|{ñ c|{ñclass},cp1252
RAIS_VINCULOS,2020,2022,21,Ind CEI Vinculado,ind_cei_vinculado,ind_cei_vinculado,SMALLINT,;,",",,-1|{ñ class}|{ñ clas|{ñ c|{ñclass},cp1252
RAIS_VINCULOS,2020,2022,22,Ind Simples,ind_simples,ind_simples,SMALLINT,;,",",,-1|{ñ class}|{ñ clas|{ñ c|{ñclass},cp1252
RAIS_VINCULOS,2020,2022,23,Mês Admissão,mes_admissao,mes_admissao,SMALLINT,;,",",,-1|{ñ class}|{ñ clas|{ñ c|{ñclass},cp1252
RAIS_VINCULOS,2020,2022,24,Mês Desligamento,mes_desligamento,mes_desligamento,SMALLINT,;,",",,-1|{ñ class}|{ñ clas|{ñ c|{ñclass},cp1252
RAIS_VINCULOS,2020,2022,25,Mun Trab,mun_trab,mun_trab,VARCHAR,;,",",,-1|{ñ class}|{ñ clas|{ñ c|{ñclass},cp1252
RAIS_VINCULOS,2020,2022,26,Município,municipio,municipio,VARCHAR,;,",",,-1|{ñ class}|{ñ clas|{ñ c|{ñclass},cp1252
RAIS_VINCULOS,2020,2022,27,Nacionalidade,nacionalidade,nacionalidade,SMALLINT,;,",",,-1|{ñ class}|{ñ clas|{ñ c|{ñclass},cp1252
RAIS_VINCULOS,2020,2022,28,Natureza Jurídica,natureza_juridica,natureza_juridica,VARCHAR,;,",",,-1|{ñ class}|{ñ clas|{ñ c|{ñclass},cp1252
RAIS_VINCULOS,2020,2022,29,Ind Portador Defic,ind_portador_defic,ind_portador_defic,SMALLINT,;,",",,-1|{ñ class}|{ñ clas|{ñ c|{ñclass},cp1252
RAIS_VINCULOS,2020,2022,30,Qtd Dias Afastamento,qtd_dias_afastamento,qtd_dias_afastamento,SMALLINT,;,",",,-1|{ñ class}|{ñ clas|{ñ c|{ñclass},cp1252
RAIS_VINCULOS,2020,2022,31,Raça Cor,raca_cor,raca_cor,SMALLINT,;,",",,-1|{ñ class}|{ñ clas|{ñ c|{ñclass},cp1252
RAIS_VINCULOS,2020,2022,32,Regiões Adm DF,regioes_adm_df,regiao_adm_df,VARCHAR,;,",",,-1|{ñ class}|{ñ clas|{ñ c|{ñclass},cp1252
RAIS_VINCULOS,2020,2022,33,Vl Remun Dezembro Nom,vl_remun_dezembro_nom,remun_dez_nom,DOUBLE,;,",",,-1|{ñ class}|{ñ clas|{ñ c|{ñclass},cp1252
RAIS_VINCULOS,2020,2022,34,Vl Remun Dezembro (SM),vl_remun_dezembro_sm,remun_dez_sm,DOUBLE,;,",",,-1|{ñ class}|{ñ clas|{ñ c|{ñclass},cp1252
RAIS_VINCULOS,2020,2022,35,Vl Remun Média Nom,vl_remun_media_nom,remun_media_nom,DOUBLE,;,",",,-1|{ñ class}|{ñ clas|{ñ c|{ñclass},cp1252
RAIS_VINCULOS,2020,2022,36,Vl Remun Média (SM),vl_remun_media_sm,remun_media_sm,DOUBLE,;,",",,-1|{ñ class}|{ñ clas|{ñ c|{ñclass},cp1252
RAIS_VINCULOS,2020,2022,37,CNAE 2.0 Subclasse,cnae_2_0_subclasse,cnae20_subclasse,VARCHAR,;,",",,-1|{ñ class}|{ñ clas|{ñ c|{ñclass},cp1252
RAIS_VINCULOS,2020,2022,38,Sexo Trabalhador,sexo_trabalhador,sexo,SMALLINT,;,",",,-1|{ñ class}|{ñ clas|{ñ c|{ñclass},cp1252
RAIS_VINCULOS,2020,2022,39,Tamanho Estabelecimento,tamanho_estabelecimento,tamanho_estab,SMALLINT,;,",",,-1|{ñ class}|{ñ clas|{ñ c|{ñclass},cp1252
RAIS_VINCULOS,2020,2022,40,Tempo Emprego,tempo_emprego,tempo_emprego,DOUBLE,;,",",,-1|{ñ class}|{ñ clas|{ñ c|{ñclass},cp1252
RAIS_VINCULOS,2020,2022,41,Tipo Admissão,tipo_admissao,tipo_admissao,SMALLINT,;,",",,-1|{ñ class}|{ñ clas|{ñ c|{ñclass},cp1252
RAIS_VINCULOS,2020,2022,42,Tipo Estab,tipo_estab,tipo_estab,SMALLINT,;,",",,-1|{ñ class}|{ñ clas|{ñ c|{ñclass},cp1252
RAIS_VINCULOS,2020,2022,43,Tipo Estab,tipo_estab,tipo_estab_nome,VARCHAR,;,",",,-1|{ñ class}|{ñ clas|{ñ c|{ñclass},cp1252
RAIS_VINCULOS,2020,2022,44,Tipo Defic,tipo_defic,tipo_defic,SMALLINT,;,",",,-1|{ñ class}|{ñ clas|{ñ c|{ñclass},cp1252
RAIS_VINCULOS,2020,2022,45,Tipo Vínculo,tipo_vinculo,tipo_vinculo,SMALLINT,;,",",,-1|{ñ class}|{ñ clas|{ñ c|{ñclass},cp1252
RAIS_VINCULOS,2020,2022,46,IBGE Subsetor,ibge_subsetor,ibge_subsetor,SMALLINT,;,",",,-1|{ñ class}|{ñ clas|{ñ c|{ñclass},cp1252
RAIS_VINCULOS,2020,2022,47,Vl Rem Janeiro SC,vl_rem_janeiro_sc,remun_janeiro_nom,DOUBLE,;,",",,-1|{ñ class}|{ñ clas|{ñ c|{ñclass},cp1252
RAIS_VINCULOS,2020,2022,48,Vl Rem Fevereiro SC,vl_rem_fevereiro_sc,remun_fevereiro_nom,DOUBLE,;,",",,-1|{ñ class}|{ñ clas|{ñ c|{ñclass},cp1252
RAIS_VINCULOS,2020,2022,49,Vl Rem Março SC,vl_rem_marco_sc,remun_marco_nom,DOUBLE,;,",",,-1|{ñ class}|{ñ clas|{ñ c|{ñclass},cp1252
RAIS_VINCULOS,2020,2022,50,Vl Rem Abril SC,vl_rem_abril_sc,remun_abril_nom,DOUBLE,;,",",,-1|{ñ class}|{ñ clas|{ñ c|{ñclass},cp1252
RAIS_VINCULOS,2020,2022,51,Vl Rem Maio SC,vl_rem_maio_sc,remun_maio_nom,DOUBLE,;,",",,-1|{ñ class}|{ñ clas|{ñ c|{ñclass},cp1252
RAIS_VINCULOS,2020,2022,52,Vl Rem Junho SC,vl_rem_junho_sc,remun_junho_nom,DOUBLE,;,",",,-1|{ñ class}|{ñ clas|{ñ c|{ñclass},cp1252
RAIS_VINCULOS,2020,2022,53,Vl Rem Julho SC,vl_rem_julho_sc,remun_julho_nom,DOUBLE,;,",",,-1|{ñ class}|{ñ clas|{ñ c|{ñclass},cp1252
RAIS_VINCULOS,2020,2022,54,Vl Rem Agosto SC,vl_rem_agosto_sc,remun_agosto_nom,DOUBLE,;,",",,-1|{ñ class}|{ñ clas|{ñ c|{ñclass},cp1252
RAIS_VINCULOS,2020,2022,55,Vl Rem Setembro SC,vl_rem_setembro_sc,remun_setembro_nom,DOUBLE,;,",",,-1|{ñ class}|{ñ clas|{ñ c|{ñclass},cp1252
RAIS_VINCULOS,2020,2022,56,Vl Rem Outubro SC,vl_rem_outubro_sc,remun_outubro_nom,DOUBLE,;,",",,-1|{ñ class}|{ñ clas|{ñ c|{ñclass},cp1252
RAIS_VINCULOS,2020,2022,57,Vl Rem Novembro SC,vl_rem_novembro_sc,remun_novembro_nom,DOUBLE,;,",",,-1|{ñ class}|{ñ clas|{ñ c|{ñclass},cp1252
RAIS_VINCULOS,2020,2022,58,Ano Chegada Brasil,ano_chegada_brasil,ano_chegada_brasil,SMALLINT,;,",",,-1|{ñ class}|{ñ clas|{ñ c|{ñclass},cp1252
RAIS_VINCULOS,2020,2022,59,Ind Trab Intermitente,ind_trab_intermitente,ind_trab_intermitente,SMALLINT,;,",",,-1|{ñ class}|{ñ clas|{ñ c|{ñclass},cp1252
RAIS_VINCULOS,2020,2022,60,Ind Trab Parcial,ind_trab_parcial,ind_trab_parcial,SMALLINT,;,",",,-1|{ñ class}|{ñ clas|{ñ c|{ñclass},cp1252
RAIS_VINCULOS,2023,2025,1,Bairros SP - Código,bairros_sp,bairro_sp,VARCHAR,",",.,"""",999997|999999|999|99|9997|9999,cp1252
RAIS_VINCULOS,2023,2025,2,Bairros Fortaleza - Código,bairros_fortaleza,bairro_fortaleza,VARCHAR,",",.,"""",999997|999999|999|99|9997|9999,cp1252
RAIS_VINCULOS,2023,2025,3,Bairros RJ - Código,bairros_rj,bairro_rj,VARCHAR,",",.,"""",999997|999999|999|99|9997|9999,cp1252
RAIS_VINCULOS,2023,2025,4,Causa Afastamento 1 - Código,causa_afastamento_1,causa_afastamento_1,SMALLINT,",",.,"""",999997|999999|999|99|9997|9999,cp1252
RAIS_VINCULOS,2023,2025,5,Causa Afastamento 2 - Código,causa_afastamento_2,causa_afastamento_2,SMALLINT,",",.,"""",999997|999999|999|99|9997|9999,cp1252
RAIS_VINCULOS,2023,2025,6,Causa Afastamento 3 - Código,causa_afastamento_3,causa_afastamento_3,SMALLINT,",",.,"""",999997|999999|999|99|9997|9999,cp1252
RAIS_VINCULOS,2023,2025,7,Motivo Desligamento - Código,motivo_desligamento,motivo_desligamento,SMALLINT,",",.,"""",999997|999999|999|99|9997|9999,cp1252
RAIS_VINCULOS,2023,2025,8,CBO 2002 Ocupação - Código,cbo_2002_ocupacao,cbo_2002,VARCHAR,",",.,"""",999997|999999|999|99|9997|9999,cp1252
RAIS_VINCULOS,2023,2025,9,CNAE 2.0 Classe - Código,cnae_2_0_classe,cnae20_classe,VARCHAR,",",.,"""",999997|999999|999|99|9997|9999,cp1252
RAIS_VINCULOS,2023,2025,10,CNAE 95 Classe - Código,cnae_95_classe,cnae95_classe,VARCHAR,",",.,"""",999997|999999|999|99|9997|9999,cp1252
RAIS_VINCULOS,2023,2025,11,Distritos SP - Código,distritos_sp,distrito_sp,VARCHAR,",",.,"""",999997|999999|999|99|9997|9999,cp1252
RAIS_VINCULOS,2023,2025,12,Ind Vínculo Ativo 31/12 - Código,ind_vinculo_ativo_31_12,vinculo_ativo_3112,BOOLEAN,",",.,"""",999997|999999|999|99|9997|9999,cp1252
RAIS_VINCULOS,2023,2025,13,Faixa Etária - Código,faixa_etaria,faixa_etaria,SMALLINT,",",.,"""",999997|999999|999|99|9997|9999,cp1252
RAIS_VINCULOS,2023,2025,14,Faixa Rem Média (SM) - Código,faixa_rem_media_sm,faixa_remun_media_sm,SMALLINT,",",.,"""",999997|999999|999|99|9997|9999,cp1252
RAIS_VINCULOS,2023,2025,15,Faixa Hora Contrat - Código,faixa_hora_contrat,faixa_hora_contrat,SMALLINT,",",.,"""",999997|999999|999|99|9997|9999,cp1252
RAIS_VINCULOS,2023,2025,16,Faixa Rem Dez (SM) - Código,faixa_rem_dez_sm,faixa_remun_dez_sm,SMALLINT,",",.,"""",999997|999999|999|99|9997|9999,cp1252
RAIS_VINCULOS,2023,2025,17,Faixa Tempo Emprego - Código,faixa_tempo_emprego,faixa_tempo_emprego,SMALLINT,",",.,"""",999997|999999|999|99|9997|9999,cp1252
RAIS_VINCULOS,2023,2025,18,Escolaridade Após 2005 - Código,escolaridade_apos_2005,grau_instrucao,SMALLINT,",",.,"""",999997|999999|999|99|9997|9999,cp1252
RAIS_VINCULOS,2023,2025,19,Qtd Hora Contr,qtd_hora_contr,qtd_hora_contr,SMALLINT,",",.,"""",999997|999999|999|99|9997|9999,cp1252
RAIS_VINCULOS,2023,2025,20,Idade,idade,idade,SMALLINT,",",.,"""",999997|999999,cp1252
RAIS_VINCULOS,2023,2025,21,Ind CEI Vinculado - Código,ind_cei_vinculado,ind_cei_vinculado,SMALLINT,",",.,"""",999997|999999|999|99|9997|9999,cp1252
RAIS_VINCULOS,2023,2025,22,Ind Estabelecimento Participante SIMPLES - Código,ind_estabelecimento_participante_simples,ind_simples,SMALLINT,",",.,"""",999997|999999|999|99|9997|9999,cp1252
RAIS_VINCULOS,2023,2025,23,Mês Admissão - Código,mes_admissao,mes_admissao,SMALLINT,",",.,"""",999997|999999|999|99|9997|9999,cp1252
RAIS_VINCULOS,2023,2025,24,Mês Desligamento - Código,mes_desligamento,mes_desligamento,SMALLINT,",",.,"""",999997|999999|999|99|9997|9999,cp1252
RAIS_VINCULOS,2023,2025,25,Município Trab - Código,municipio_trab,mun_trab,VARCHAR,",",.,"""",999997|999999|999|99|9997|9999,cp1252
RAIS_VINCULOS,2023,2025,26,Município - Código,municipio,municipio,VARCHAR,",",.,"""",999997|999999|999|99|9997|9999,cp1252
RAIS_VINCULOS,2023,2025,27,Nacionalidade - Código,nacionalidade,nacionalidade,SMALLINT,",",.,"""",999997|999999|999|99|9997|9999,cp1252
RAIS_VINCULOS,2023,2025,28,Natureza Jurídica - Código,natureza_juridica,natureza_juridica,VARCHAR,",",.,"""",999997|999999|999|99|9997|9999,cp1252
RAIS_VINCULOS,2023,2025,29,Ind Portador Defic - Código,ind_portador_defic,ind_portador_defic,SMALLINT,",",.,"""",999997|999999|999|99|9997|9999,cp1252
RAIS_VINCULOS,2023,2025,30,Qtd Dias Afastamento,qtd_dias_afastamento,qtd_dias_afastamento,SMALLINT,",",.,"""",999997|999999,cp1252
RAIS_VINCULOS,2023,2025,31,Raça Cor - Código,raca_cor,raca_cor,SMALLINT,",",.,"""",999997|999999|999|99|9997|9999,cp1252
RAIS_VINCULOS,2023,2025,32,Região Adm DF - Código,regiao_adm_df,regiao_adm_df,VARCHAR,",",.,"""",999997|999999|999|99|9997|9999,cp1252
RAIS_VINCULOS,2023,2025,33,Vl Rem Dezembro Nom,vl_rem_dezembro_nom,remun_dez_nom,DOUBLE,",",.,"""",999997|999999|999|99|9997|9999,cp1252
RAIS_VINCULOS,2023,2025,34,Vl Rem Dezembro (SM),vl_rem_dezembro_sm,remun_dez_sm,DOUBLE,",",.,"""",999997|999999|999|99|9997|9999,cp1252
RAIS_VINCULOS,2023,2025,35,Vl Rem Média Nom,vl_rem_media_nom,remun_media_nom,DOUBLE,",",.,"""",999997|999999|999|99|9997|9999,cp1252
RAIS_VINCULOS,2023,2025,36,Vl Rem Média (SM),vl_rem_media_sm,remun_media_sm,DOUBLE,",",.,"""",999997|999999|999|99|9997|9999,cp1252
RAIS_VINCULOS,2023,2025,37,CNAE 2.0 Subclasse - Codigo,cnae_2_0_subclasse,cnae20_subclasse,VARCHAR,",",.,"""",999997|999999|999|99|9997|9999,cp1252
RAIS_VINCULOS,2023,2025,38,Sexo - Código,sexo,sexo,SMALLINT,",",.,"""",999997|999999|999|99|9997|9999,cp1252
RAIS_VINCULOS,2023,2025,39,Tamanho Estabelecimento - Código,tamanho_estabelecimento,tamanho_estab,SMALLINT,",",.,"""",999997|999999|999|99|9997|9999,cp1252
RAIS_VINCULOS,2023,2025,40,Tempo Emprego,tempo_emprego,tempo_emprego,DOUBLE,",",.,"""",999997|999999|999|99|9997|9999,cp1252
RAIS_VINCULOS,2023,2025,41,Tipo Admissão Trabalhador - Código,tipo_admissao_trabalhador,tipo_admissao,SMALLINT,",",.,"""",999997|999999|999|99|9997|9999,cp1252
RAIS_VINCULOS,2023,2025,42,Tipo Estabelecimento - Código,tipo_estabelecimento,tipo_estab,SMALLINT,",",.,"""",999997|999999|999|99|9997|9999,cp1252
RAIS_VINCULOS,2023,2025,43,Tipo Estabelecimento - Nome,tipo_estabelecimento_nome,tipo_estab_nome,VARCHAR,",",.,"""",999997|999999|999|99|9997|9999,cp1252
RAIS_VINCULOS,2023,2025,44,Tipo Deficiência - Código,tipo_deficiencia,tipo_defic,SMALLINT,",",.,"""",999997|999999|999|99|9997|9999,cp1252
RAIS_VINCULOS,2023,2025,45,Tipo Vínculo - Código,tipo_vinculo,tipo_vinculo,SMALLINT,",",.,"""",999997|999999|999|99|9997|9999,cp1252
RAIS_VINCULOS,2023,2025,46,IBGE Subsetor - Código,ibge_subsetor,ibge_subsetor,SMALLINT,",",.,"""",999997|999999|999|99|9997|9999,cp1252
RAIS_VINCULOS,2023,2025,47,Vl Rem Janeiro SC,vl_rem_janeiro_sc,remun_janeiro_nom,DOUBLE,",",.,"""",999997|999999|999|99|9997|9999,cp1252
RAIS_VINCULOS,2023,2025,48,Vl Rem Fevereiro SC,vl_rem_fevereiro_sc,remun_fevereiro_nom,DOUBLE,",",.,"""",999997|999999|999|99|9997|9999,cp1252
RAIS_VINCULOS,2023,2025,49,Vl Rem Março SC,vl_rem_marco_sc,remun_marco_nom,DOUBLE,",",.,"""",999997|999999|999|99|9997|9999,cp1252
RAIS_VINCULOS,2023,2025,50,Vl Rem Abril SC,vl_rem_abril_sc,remun_abril_nom,DOUBLE,",",.,"""",999997|999999|999|99|9997|9999,cp1252
RAIS_VINCULOS,2023,2025,51,Vl Rem Maio SC,vl_rem_maio_sc,remun_maio_nom,DOUBLE,",",.,"""",999997|999999|999|99|9997|9999,cp1252
RAIS_VINCULOS,2023,2025,52,Vl Rem Junho SC,vl_rem_junho_sc,remun_junho_nom,DOUBLE,",",.,"""",999997|999999|999|99|9997|9999,cp1252
RAIS_VINCULOS,2023,2025,53,Vl Rem Julho SC,vl_rem_julho_sc,remun_julho_nom,DOUBLE,",",.,"""",999997|999999|999|99|9997|9999,cp1252
RAIS_VINCULOS,2023,2025,54,Vl Rem Agosto SC,vl_rem_agosto_sc,remun_agosto_nom,DOUBLE,",",.,"""",999997|999999|999|99|9997|9999,cp1252
RAIS_VINCULOS,2023,2025,55,Vl Rem Setembro SC,vl_rem_setembro_sc,remun_setembro_nom,DOUBLE,",",.,"""",999997|999999|999|99|9997|9999,cp1252
RAIS_VINCULOS,2023,2025,56,Vl Rem Outubro SC,vl_rem_outubro_sc,remun_outubro_nom,DOUBLE,",",.,"""",999997|999999|999|99|9997|9999,cp1252
RAIS_VINCULOS,2023,2025,57,Vl Rem Novembro SC,vl_rem_novembro_sc,remun_novembro_nom,DOUBLE,",",.,"""",999997|999999|999|99|9997|9999,cp1252
RAIS_VINCULOS,2023,2025,58,Ano Chegada Brasil,ano_chegada_brasil,ano_chegada_brasil,SMALLINT,",",.,"""",999997|999999|999|99|9997|9999,cp1252
RAIS_VINCULOS,2023,2025,59,Ind Trabalho Intermitente - Código,ind_trabalho_intermitente,ind_trab_intermitente,SMALLINT,",",.,"""",999997|999999|999|99|9997|9999,cp1252
RAIS_VINCULOS,2023,2025,60,Ind Trabalho Parcial - Código,ind_trabalho_parcial,ind_trab_parcial,SMALLINT,",",.,"""",999997|999999|999|99|9997|9999,cp1252
RAIS_VINCULOS,2023,2025,61,Ind Vínculo Abandonado - Código,ind_vinculo_abandonado,ind_vinculo_abandonado,SMALLINT,",",.,"""",999997|999999|999|99|9997|9999,cp1252
RAIS_VINCULOS,2023,2025,62,Categoria Trabalhador - Código,categoria_trabalhador,categoria_trabalhador,SMALLINT,",",.,"""",999997|999999|999|99|9997|9999,cp1252
